Model,Yil,Kilometre,Fiyat
Hyundai i10 1.2 D-CVVT Elite,2016,63.000 KM,980.000 TL
Nissan Micra 1.2 Mood,2006,175.000 KM,499.900 TL
Renault Megane 1.3 TCe Icon,2024,80.000 KM,1.600.000 TL
Renault Clio 1.0 TCe Touch,2023,152.000 KM,1.065.000 TL
Peugeot 208 1.2 PureTech Access,2015,79.000 KM,730.000 TL
Renault Megane 1.5 Blue DCI Joy,2021,138.500 KM,1.295.000 TL
Honda Civic 2.0 Type-R,2017,16.000 KM,3.850.000 TL
Toyota Corolla 1.4 D-4D Comfort,2007,398.800 KM,498.500 TL
Hyundai i20 1.2 D-CVVT Jump,2013,139.000 KM,535.000 TL
Citroen C3 1.6 BlueHDI Feel,2016,270.000 KM,645.000 TL
Audi A6 Avant 2.5 TDI,2004,329.000 KM,495.000 TL
Skoda Octavia 1.5 e-Tec Premium,2023,138.000 KM,1.675.000 TL
Hyundai i20 1.4 CVVT Jump,2012,209.000 KM,779.000 TL
Fiat Egea 1.4 Fire Easy Plus,2023,85.000 KM,819.000 TL
Audi A3 Sportback 35 TFSI Advanced,2025,6.001 KM,2.850.000 TL
Ford Focus 1.6 Ti-VCT Trend X,2015,123.000 KM,1.149.000 TL
Fiat Linea 1.3 Multijet Emotion Plus,2011,277.000 KM,399.000 TL
Honda Civic 1.6i VTEC Eco Elegance,2013,229.000 KM,1.155.000 TL 1.139.000 TL
Volvo S60 1.6 D R-Design,2015,277.000 KM,1.200.000 TL 1.115.000 TL
Volkswagen Passat 2.0 TDi BlueMotion Highline,2015,277.000 KM,1.320.000 TL
Mercedes - Benz C 180 AMG,2014,215.000 KM,2.025.000 TL
Mazda 626 2.0,1993,310.000 KM,379.000 TL 359.000 TL
Audi A6 Sedan 40 TDI Quattro Design,2021,200.000 KM,4.315.000 TL
BMW 3 Serisi 320i ED M Plus,2014,221.000 KM,1.395.000 TL
Ford Focus 1.5 Ti-VCT Titanium,2023,51.000 KM,1.627.500 TL
Mercedes - Benz A 180 AMG Sport,2013,80.000 KM,1.560.000 TL
Volkswagen Passat 1.6 TDi BlueMotion Comfortline,2016,215.000 KM,**FETCAR** 2016 VW PASSAT 1.6 TDI COMFORTLİNE DSG
Mercedes - Benz E 280 Elegance,1998,262.000 KM,649.999 TL
Renault Megane 1.5 dCi Icon,2017,145.000 KM,1.449.000 TL
Renault Megane 1.5 dCi Joy,2016,150.000 KM,1.179.000 TL
Ford Focus 1.6 TDCi Trend X,2017,290.000 KM,885.000 TL
Renault Clio 1.5 dCi Touch,2015,129.500 KM,1.029.000 TL
BMW 3 Serisi 320i ED M Plus,2014,184.000 KM,1.670.000 TL
Mercedes - Benz A 160 Elegance,2001,91.000 KM,635.000 TL
Renault Megane 1.3 TCe Touch,2025,30.000 KM,1.700.000 TL
Renault Clio 1.3 TCe Icon,2020,140.000 KM,1.015.000 TL
Volvo V40 Cross Country 1.5 T3 Advance,2017,83.000 KM,1.395.000 TL
Suzuki Swift 1.2 Hibrit Pulse,2024,10.500 KM,1.345.000 TL
Renault Fluence 1.5 dCi Touch,2013,204.000 KM,630.000 TL
Renault Fluence 1.5 dCi Touch Plus,2016,210.000 KM,820.000 TL
Renault Fluence 1.5 dCi Touch,2013,204.000 KM,630.000 TL
Toyota Corolla 1.6 Linea Terra,2003,228.000 KM,605.000 TL
Ford Focus 1.6 TDCi Collection,2011,248.000 KM,599.999 TL
Mercedes - Benz E 250 EditionE,2015,249.500 KM,2.399.000 TL
Honda Civic 1.6i VTEC ES,2004,300.000 KM,650.000 TL
Renault Megane 1.5 dCi Joy,2016,124.000 KM,1.155.000 TL
Fiat Linea 1.3 Multijet Pop,2015,245.000 KM,389.000 TL
Honda Civic 1.6 Elegance,2009,210.000 KM,713.000 TL
Citroen C-Elysée 1.5 BlueHDI Feel,2020,166.000 KM,788.000 TL
Opel Corsa 1.4 Enjoy,2015,175.000 KM,665.000 TL
Opel Astra 1.6 Enjoy,2005,248.000 KM,299.000 TL
Opel Astra 1.4 T Cosmo,2011,224.000 KM,730.000 TL
Ford Focus 1.5 EcoBlue Trend X,2023,117.000 KM,1.390.000 TL
Volkswagen Jetta 1.6 Primeline,2007,375.000 KM,560.000 TL
Renault Clio 1.4 Authentique,2007,133.000 KM,459.000 TL
Skoda Fabia 1.4 TDI Classic,2008,329.000 KM,350.000 TL
Chevrolet Cruze 1.6,2010,170.000 KM,485.000 TL
Tofaş Doğan S,1994,350.000 KM,195.000 TL
Lancia Delta 1.6 MJet,2012,249.500 KM,615.000 TL
Renault Megane 1.5 dCi Touch,2018,304.000 KM,839.000 TL
Opel Insignia 1.6 CDTI Grand Sport Excellence,2017,128.000 KM,1.400.000 TL
Fiat Egea 1.6 Multijet Comfort,2017,187.000 KM,815.000 TL
Volkswagen Passat 1.6 TDi BlueMotion Impression,2020,123.000 KM,1.882.000 TL 1.862.000 TL
Citroen C3 1.2 PureTech Feel Bold,2024,49.000 KM,909.900 TL
Honda Civic 1.6i VTEC Elegance,2019,150.000 KM,1.380.000 TL
Mercedes - Benz B 180 BlueEFFICIENCY Elite,2013,147.000 KM,1.399.000 TL 1.349.000 TL
Renault Clio 0.9 TCe Touch,2020,119.500 KM,755.000 TL
Opel Astra 1.6 CDTI Excellence,2016,205.000 KM,770.000 TL
Volkswagen Passat 1.5 TSi Business,2022,86.500 KM,1.980.000 TL
Opel Astra 1.6 Enjoy 111.Yıl,2012,134.000 KM,745.000 TL
Fiat Egea 1.4 Fire Urban Plus,2020,83.000 KM,900.000 TL
BMW 3 Serisi 318i Edition M Sport,2017,130.000 KM,1.829.000 TL
Skoda SuperB 1.5 TSI Prestige,2021,94.000 KM,2.299.750 TL
Ford Fiesta 1.4 TDCi Comfort,2004,387.000 KM,367.000 TL
Opel Insignia 2.0 CDTI Edition,2011,260.000 KM,639.000 TL
Renault Megane 1.5 dCi Touch,2018,214.000 KM,1.099.000 TL
Renault Clio 1.0 TCe Touch,2023,36.500 KM,1.310.000 TL
Volkswagen Polo 1.0 TSi Life,2024,77.000 KM,1.445.000 TL
Volkswagen Passat 1.6 TDi BlueMotion Comfortline,2015,186.000 KM,1.650.000 TL
BMW 3 Serisi 320d M Sport,2012,296.523 KM,1.190.000 TL
Renault Clio 1.2 Joy,2013,224.000 KM,GALERİ KISMET'DEN 2013 CLİO 4 YENİ MUAYENE 224.000 KM 1.2 BENZİNLİ K.KARTI #TAKSİT 449 .000 TL
Toyota Corolla 1.6 Premium,2014,88.000 KM,1.300.000 TL
Chevrolet Cruze 1.6 LS,2010,163.000 KM,599.750 TL
Skoda Octavia 1.0 e-Tec Elite,2021,145.000 KM,1.425.000 TL
Hyundai i20 1.0 T-GDI Jump,2026,17.500 KM,1.385.000 TL
Hyundai Accent 1.3 LS,1998,202.000 KM,229.000 TL
Renault Fluence 1.5 dCi Joy,2013,263.000 KM,597.000 TL
Volkswagen Jetta 1.6 TDi Comfortline,2011,370.000 KM,700.000 TL
Mercedes - Benz C 180 BlueEFFICIENCY AMG,2013,169.000 KM,1.799.000 TL
Skoda Octavia 1.2 TSI Ambition,2017,97.000 KM,969.000 TL
Opel Corsa 1.4 Twinport Enjoy 111,2011,235.000 KM,715.000 TL
Citroen C3 1.4 X Furio,2007,166.000 KM,415.000 TL
Renault Megane 1.6 RTE,2000,402.000 KM,310.000 TL
Honda Civic 1.5 i-VTEC Eco Elegance,2022,79.000 KM,1.895.000 TL
Renault Clio 1.5 dCi Extreme Edition,2012,239.000 KM,385.000 TL
Renault Megane 1.5 Blue DCI Touch,2020,84.000 KM,1.487.000 TL
BMW 3 Serisi 320i Sport Line,2022,115.000 KM,2.750.000 TL
Fiat Egea 1.4 Fire Lounge,2024,56.000 KM,1.070.000 TL
Skoda Octavia 1.6 Elegance,2003,389.000 KM,387.000 TL
Honda Jazz 1.4 Elite,2007,209.500 KM,645.000 TL
Renault Clio 1.0 TCe Icon,2021,141.000 KM,1.165.000 TL
Volkswagen Polo 1.4 Comfortline,2013,70.000 KM,945.000 TL
Seat Leon 1.4 TSI Style,2011,120.000 KM,790.000 TL
Volkswagen Passat 1.9 TDi Comfortline,2000,407.000 KM,300.000 TL
Peugeot 301 1.6 BlueHDI Active,2018,162.000 KM,840.000 TL
Volkswagen Passat 1.4 TSi BlueMotion Highline,2014,182.000 KM,1.425.000 TL
Renault Clio 1.5 dCi Touch,2015,217.000 KM,565.000 TL
Volkswagen Passat 1.6 TDi BlueMotion Comfortline,2012,300.000 KM,2012 /13 ÇIKIŞLI HATASIZZZ BOYASIZZ PASSAT CONFORTLİNE
Seat Toledo 1.6 Signo,2001,304.000 KM,435.000 TL
Fiat Linea 1.6 Multijet Lounge,2012,209.000 KM,645.000 TL 630.000 TL
Ford Focus 1.6 TDCi Titanium,2015,240.000 KM,905.000 TL 890.000 TL
Daewoo Lanos 1.5 SE,1998,200.000 KM,195.000 TL
Cupra Leon 1.5 eTSI Standart,2024,76.000 KM,1.999.000 TL
Skoda Octavia 1.5 e-Tec Premium,2024,64.000 KM,1.970.000 TL
Volkswagen Polo 1.4 Comfortline,2000,230.000 KM,335.000 TL
Volkswagen Golf 1.6 TDi Comfortline,2016,165.000 KM,1.350.000 TL
Volkswagen Jetta 1.4 TSi BlueMotion Highline,2017,88.000 KM,1.599.000 TL
Mercedes - Benz 200 E,1990,480.000 KM,299.000 TL
Ford Fiesta 1.4 TDCi Comfort,2006,337.000 KM,287.500 TL
Fiat Egea 1.3 Multijet Easy,2023,122.000 KM,870.000 TL
Toyota Corolla 1.33 Life,2017,89.900 KM,1.119.000 TL
Chevrolet Aveo 1.4 LT,2012,174.000 KM,725.000 TL
Volkswagen Passat 1.6 TDi BlueMotion Comfortline,2016,172.000 KM,1.685.000 TL
Opel Corsa 1.2 Twinport Essentia,2011,157.000 KM,629.000 TL
Fiat Egea 1.3 Multijet Urban,2016,79.800 KM,910.000 TL
Renault Fluence 1.6 Extreme,2011,119.000 KM,740.000 TL
Skoda Octavia 1.4 TSI Sport,2018,214.000 KM,1.299.000 TL
Honda Civic 1.5 i-VTEC Executive Plus,2022,93.500 KM,1.965.000 TL
Renault Clio 1.5 dCi Expression,2008,210.000 KM,550.000 TL
Skoda Octavia 1.6 TDI Elegance CR,2013,255.000 KM,1.025.000 TL
Mercedes - Benz 280 SE,1984,156.000 KM,450.000 TL
Opel Corsa 1.2 Twinport Essentia,2012,340.000 KM,395.000 TL
Opel Corsa 1.2 T Ultimate,2023,31.152 KM,1.379.000 TL
Fiat Egea 1.4 Fire Urban Plus,2020,126.500 KM,775.000 TL
Hyundai Accent Blue 1.6 CRDI Biz,2014,250.000 KM,749.000 TL
Peugeot 308 1.6 HDi Millesim,2010,230.000 KM,600.000 TL
Hyundai i20 Active 1.4 MPi Elite,2017,85.000 KM,1.145.000 TL
Renault Clio 1.0 TCe Icon,2023,110.000 KM,1.190.000 TL
Renault Megane 1.5 dCi Touch,2017,133.000 KM,1.100.000 TL
Citroen e-C4 Max,2025,12.000 KM,1.675.000 TL
Fiat Egea 1.6 Multijet Easy,2018,170.000 KM,819.850 TL
Fiat Egea 1.4 Fire Easy Plus,2023,70.600 KM,895.000 TL
Skoda Octavia 1.0 e-Tec Premium,2023,81.000 KM,1.300.000 TL
Volkswagen Passat 2.0 TDi Comfortline,2006,345.000 KM,W W PASSAT 2.0 TDi Comfortline OTOMATİK K.KARTI&TAKSİT&TAKASLI 499.000 TL
Hyundai Getz 1.4 DOHC HY KLM,2009,154.000 KM,595.000 TL
Ford Focus 1.6 TDCi Trend,2005,390.000 KM,365.000 TL
Fiat Egea 1.4 Fire Urban,2021,115.000 KM,870.000 TL
Fiat Linea 1.3 Multijet Active Plus,2011,340.000 KM,364.999 TL
Renault Talisman 1.6 dCi Icon,2016,141.000 KM,1.400.000 TL
Fiat Albea Sole 1.4 Fire Active,2008,230.000 KM,350.000 TL
Fiat Egea 1.3 Multijet Easy,2017,260.000 KM,642.500 TL
Renault Megane 1.5 dCi Touch,2017,189.000 KM,1.162.500 TL
Hyundai i10 1.2 D-CVVT Elite,2015,31.000 KM,979.000 TL
Skoda SuperB 1.6 TDI Prestige,2016,206.000 KM,1.325.000 TL
Honda Civic 1.6i VTEC Eco Elegance,2015,100.000 KM,1.170.000 TL
Volkswagen Jetta 1.6 TDi Comfortline,2014,233.000 KM,ANIL AUTO'DAN 2014 MODEL EMSALSİZ TEMİZLİKTE COMFORTLİNE VOLKSWAGEN JETTA!!!!!
Volkswagen Passat 1.5 TSi R Line,2023,63.000 KM,1.979.900 TL
Volkswagen Jetta 1.6 TDi Comfortline,2013,214.250 KM,869.000 TL
Toyota Corolla 1.6 Dream,2020,83.279 KM,1.475.950 TL
Volkswagen Golf 1.6 FSi Goal,2007,232.000 KM,610.000 TL
Volkswagen Passat 1.6 TDi BlueMotion Comfortline,2018,148.000 KM,1.899.900 TL
Toyota Corolla 1.6 Touch,2016,195.850 KM,1.185.000 TL
Skoda Octavia 1.6 TDI Optimal,2016,235.658 KM,999.950 TL
Volkswagen Polo 1.0 Impression,2024,46.000 KM,1.069.900 TL
Renault Megane 1.5 Blue DCI Touch,2020,176.000 KM,1.145.000 TL
Skoda Favorit 1.3 LX,1993,265.000 KM,109.000 TL
Renault Megane 1.5 dCi Icon,2016,200.000 KM,1.190.000 TL
Renault Clio 1.0 TCe Evolution,2024,45.000 KM,1.325.000 TL
Kia Picanto 1.1 EX,2006,286.000 KM,335.000 TL
Hyundai Getz 1.4 DOHC AB AC,2007,145.000 KM,675.000 TL
Fiat Egea 1.4 Fire Urban,2017,140.000 KM,785.000 TL
Honda Civic 1.6i VTEC Elegance,2007,355.600 KM,769.000 TL
Renault Megane 1.6 Dynamique,2006,306.000 KM,385.000 TL 370.000 TL
Citroen e-C4 X Max,2025,25.000 KM,1.799.000 TL
Kia Ceed 1.6 CRDi Premium,2013,135.000 KM,1.250.000 TL
Peugeot 206+ 1.4 HDi Comfort,2011,343.000 KM,325.000 TL
Volkswagen Golf 1.0 eTSI Life,2021,131.000 KM,1.645.000 TL
Volkswagen Polo 1.4 TDi Trendline,2003,258.600 KM,275.000 TL
Opel Insignia 1.6 CDTI Edition Elegance,2015,196.228 KM,OPEL İNSİGNİA 2015 DİZEL&OTOMATİK EDİTİON ELEGANCE-1.99 ORAN 48 AY TAKSİTLE-
Fiat 500 Ailesi 500L 1.3 Mjet Bi-Color,2013,173.000 KM,759.000 TL
BMW 5 Serisi 520i M Sport,2017,169.000 KM,2.740.000 TL
Opel Corsa 1.2 Silverline,2006,190.000 KM,415.000 TL
Peugeot 308 1.5 BlueHDI Style,2019,110.000 KM,1.215.000 TL
Toyota Corolla 1.4 D-4D Advance,2015,168.000 KM,1.090.000 TL
Peugeot 301 1.6 HDi Active,2016,141.000 KM,695.000 TL
Fiat Egea 1.6 Multijet Easy,2021,99.000 KM,885.000 TL
BMW 3 Serisi 320i ED Standart,2014,131.000 KM,1.435.000 TL
Kia Cerato 1.6 CRDi Concept Plus,2017,187.000 KM,919.000 TL
Citroen C-Elysée 1.5 BlueHDI Feel,2021,131.000 KM,865.000 TL
Skoda SuperB 1.5 TSI Prestige,2021,115.000 KM,2.025.000 TL
Renault Fluence 1.5 dCi Touch Plus,2013,238.000 KM,775.000 TL
Volkswagen Jetta 1.6 FSi Comfortline,2007,210.000 KM,685.000 TL
Volkswagen Jetta 1.4 TSi Highline,2012,178.250 KM,960.000 TL
Renault Clio 1.5 dCi SportTourer Joy,2013,167.000 KM,730.000 TL
Peugeot 301 1.6 HDi Active,2017,233.000 KM,625.000 TL
Renault Symbol 1.5 dCi Joy,2016,284.000 KM,570.000 TL
Mini Cooper S 1.6 Cabrio,2009,216.000 KM,760.000 TL
Seat Leon 1.4 TSI Style,2013,210.000 KM,865.000 TL
Renault R 9 1.4 Broadway GTE,1994,500.000 KM,165.000 TL
Hyundai i20 1.4 CRDi Jump,2013,123.000 KM,735.000 TL
BMW 3 Serisi 330i M Sport,2003,312.000 KM,895.000 TL
BMW 5 Serisi 520i Comfort Plus,2018,180.000 KM,2.450.000 TL
Volkswagen Jetta 1.6 TDi Comfortline,2014,234.000 KM,745.000 TL 715.000 TL
Peugeot 301 1.6 HDi Active,2017,200.000 KM,705.000 TL
Peugeot 207 1.4 HDi Trendy,2008,279.000 KM,410.000 TL
Honda Civic 1.5 i-VTEC Elegance,2020,145.000 KM,1.575.000 TL
BMW 3 Serisi 320i ED M Plus,2014,214.000 KM,1.447.500 TL
Opel Astra 1.3 CDTI Sport,2013,279.000 KM,645.000 TL
BMW 3 Serisi 320d xDrive Modern Line,2013,189.000 KM,1.590.000 TL
Renault Clio 1.0 SCe Joy,2021,110.000 KM,830.000 TL
Tofaş Şahin 1.4,1998,200.000 KM,183.500 TL
Volkswagen Bora 1.6 Comfortline,2001,105.000 KM,655.000 TL
BMW 3 Serisi 325Ci,1987,150.000 KM,5.250.000 TL
Renault Symbol 1.5 dCi Joy,2018,192.500 KM,735.000 TL
Renault Clio 1.5 dCi Joy,2018,130.000 KM,885.000 TL
Volkswagen Scirocco 1.4 TSi Sportline,2014,162.000 KM,1.215.000 TL
Renault Clio 1.0 TCe Evolution,2025,38.000 KM,RENAULT CLİO 1.0TCE HATASIZ BOYASIZ TÜM KARTLARA 12 TAKSİT
Citroen C-Elysée 1.6 HDi Attraction,2014,211.500 KM,629.000 TL
Audi A6 Sedan 2.0 TDI Quattro,2016,345.000 KM,2.175.000 TL
Toyota Corolla 1.4 D-4D Touch,2018,116.000 KM,1.250.000 TL
Volkswagen Passat 1.6 TDi BlueMotion Comfortline,2014,204.000 KM,1.565.000 TL
Hyundai i20 1.4 MPI Style Plus,2021,71.000 KM,1.280.000 TL
Seat Leon 1.9 TDI Cupra,2008,273.000 KM,700.000 TL
Tofaş Doğan L,1992,103.000 KM,165.000 TL
Seat Leon 1.4 TSI FR,2014,215.000 KM,1.225.000 TL
BMW 3 Serisi 320i ED 40th Year Edition,2015,209.000 KM,1.675.000 TL
Toyota Corolla 1.5 Vision Plus,2023,45.000 KM,1.495.000 TL
Hyundai i30 1.6 CRDi Style Plus,2009,256.000 KM,719.000 TL
Seat Leon 1.2 TSI Style,2018,159.000 KM,1.229.000 TL
Volkswagen Polo 1.4 TDi Trendline,2005,245.000 KM,415.000 TL
Toyota Yaris 1.5 Fun Special,2017,98.800 KM,1.147.000 TL
Toyota Corolla 1.4 D-4D Premium,2016,220.000 KM,775.000 TL
Opel Astra 1.6 Edition Plus,2017,128.000 KM,875.000 TL
Peugeot 301 1.6 HDi Active,2015,204.000 KM,530.000 TL
Fiat Uno 70 S,1999,251.100 KM,129.000 TL
Fiat Egea 1.3 Multijet Easy,2023,51.000 KM,999.000 TL
Dacia Sandero 1.0 TCe Extreme,2024,22.000 KM,1.289.000 TL
Renault Clio 1.0 TCe Touch,2020,75.000 KM,968.000 TL
Opel Astra 1.6 Elegance,2003,368.000 KM,520.000 TL
Toyota Corolla 1.6 Comfort,2009,170.000 KM,740.000 TL
Opel Astra 1.3 CDTI Essentia,2011,185.000 KM,625.000 TL
Dacia Sandero 1.4 Ambiance,2011,202.000 KM,418.499 TL 399.999 TL
Fiat Egea 1.4 Fire Easy,2021,159.000 KM,730.000 TL
Volkswagen Golf 1.6 FSi Comfortline,2006,123.000 KM,745.000 TL
Toyota Auris 1.4 D-4D Elegant,2007,245.000 KM,720.000 TL
Tofaş Şahin 1.6,1995,220.000 KM,159.000 TL
Renault Megane 1.5 dCi Touch,2017,191.300 KM,1.075.000 TL
Renault Clio 1.0 TCe Evolution,2025,40.000 KM,1.299.000 TL
Renault Fluence 1.6 Business,2011,218.000 KM,679.750 TL
Volkswagen Passat 1.5 TSi Impression,2022,57.000 KM,1.965.000 TL
Renault Fluence 1.5 dCi Touch,2014,352.000 KM,580.000 TL
Renault Clio 1.0 TCe Joy,2023,17.500 KM,1.275.000 TL
Tofaş Doğan SLX ie,2001,100.000 KM,295.000 TL
Renault Clio 1.4 Alize,2004,180.000 KM,407.500 TL
Honda Civic 1.6i VTEC Eco Elegance,2019,48.000 KM,1.687.000 TL
Honda Civic 1.6i VTEC Eco Elegance,2016,172.000 KM,1.339.000 TL
Fiat Egea 1.3 Multijet Easy,2023,84.000 KM,999.000 TL
Fiat Egea 1.3 Multijet Easy,2023,52.500 KM,1.019.000 TL
Fiat Egea 1.3 Multijet Easy,2023,167.000 KM,890.000 TL
Fiat Egea 1.3 Multijet Easy,2022,123.000 KM,910.000 TL
Fiat Egea 1.3 Multijet Easy,2020,138.000 KM,835.000 TL
Fiat Egea 1.3 Multijet Easy,2022,173.000 KM,795.000 TL
Fiat Egea 1.3 Multijet Easy,2020,158.000 KM,749.000 TL
Dacia Sandero 1.0 TCe Prestige,2021,42.000 KM,1.195.000 TL
Fiat Egea 1.4 Fire Easy Plus,2024,52.000 KM,975.000 TL
Fiat Egea 1.4 Fire Easy,2024,40.000 KM,919.000 TL 909.000 TL
Dacia Lodgy 1.5 BlueDCI Laureate,2019,166.000 KM,969.750 TL
Cupra Leon 1.5 eTSI Standart,2023,27.000 KM,2.150.000 TL
Fiat Egea 1.6 Multijet Easy,2025,33.000 KM,1.260.000 TL
Citroen e-C3 Plus,2025,7.900 KM,1.415.000 TL
BMW 3 Serisi 320i ED 40th Year Edition,2016,228.000 KM,1.635.000 TL
Audi A6 Sedan 45 TFSI Quattro S Line,2025,61.000 KM,5.975.000 TL
Renault Clio 1.5 dCi Touch,2015,188.000 KM,745.000 TL
Opel Astra 1.4 T Edition Plus,2020,54.000 KM,1.265.000 TL
Honda Civic 1.6i VTEC ES,2002,248.000 KM,535.000 TL
Dacia Sandero 1.0 TCe Expression,2026,10 KM,1.299.000 TL
Volvo S60 1.5 T3 Advance,2016,108.000 KM,1.499.900 TL
Ford Focus 1.5 EcoBlue Titanium Stil,2024,43.170 KM,1.795.000 TL
Volkswagen Polo 1.2 TSi Comfortline,2014,97.000 KM,ÖZ BARIŞ | 2014 VW POLO 1.2TSİ COMFORTLİNE DSG 90HP | DEĞİŞENSİZ
Volkswagen Passat 1.4 TSi BlueMotion Comfortline,2015,179.265 KM,1.550.000 TL
Skoda Octavia 1.5 e-Tec Premium,2023,99.800 KM,1.717.000 TL
Volkswagen Passat 1.4 TSi BlueMotion Comfortline,2012,195.000 KM,1.150.000 TL
Audi A4 Sedan 2.0 TDI,2013,255.000 KM,1.100.000 TL
BMW 3 Serisi 320i ED Sport Line,2015,220.000 KM,"320İED-2015 -COİLOVER- SPORTLİNE -M DİRKSYON-M TAMPONLAR-19""JANT"
Volkswagen Passat 1.6 TDi BlueMotion Business,2019,66.000 KM,2.179.000 TL
Mazda 626 2.0 S,1990,250.000 KM,150.000 TL
Renault Megane 1.5 dCi Authentique,2008,265.000 KM,450.000 TL
Mercedes - Benz A 180 CDI BlueEfficiency AMG Sport,2014,225.000 KM,1.155.000 TL 1.125.000 TL
Opel Astra 1.6 Edition,2015,110.000 KM,799.000 TL
Volkswagen Jetta 1.6 TDi Comfortline,2014,213.000 KM,KIDEM OTOMOTİV HATASIZ BOYASIZ. YENİ KASA JETTA 1.6 COMFORTLİNE
Volkswagen Passat 1.6 TDi BlueMotion Impression,2017,238.500 KM,1.180.000 TL
Kia Rio 1.4 CVVT Fancy,2012,218.000 KM,820.000 TL
Audi A3 Sedan 1.6 TDI Ambition,2014,290.000 KM,1.225.000 TL
Volkswagen Polo 1.4 TDi Trendline,2015,230.000 KM,POLO 1.4 DİZEL ÇOK TEMİZ DÜŞÜK KM ANTLAYADA KIREDİ KARTI GEÇERLİ
Toyota Corolla 1.4 Linea Terra,2002,229.500 KM,489.750 TL
Volvo S60 1.5 T3 Advance,2018,109.000 KM,1.625.000 TL
Volkswagen Polo 1.4 Comfortline,2010,170.000 KM,925.000 TL
BMW 3 Serisi 320i ED M Plus,2015,243.000 KM,1.440.000 TL 1.395.000 TL
Fiat Egea 1.4 Fire Easy,2019,163.000 KM,689.000 TL 675.000 TL
Volkswagen Golf 1.0 TSi Midline Plus,2017,198.000 KM,1.040.000 TL
Opel Insignia 1.6 CDTI Edition Elegance,2016,153.000 KM,1.100.000 TL
BMW 5 Serisi 520i Comfort,2015,197.000 KM,1.579.000 TL
Mercedes - Benz A 200 AMG,2023,83.500 KM,2.820.000 TL
Seat Leon 1.5 EcoTSI FR,2020,89.000 KM,1.365.000 TL 1.345.000 TL
Renault Megane 1.2 TCe Icon,2017,89.000 KM,1.299.000 TL
Renault Symbol 1.5 dCi Joy,2013,200.000 KM,539.000 TL 509.000 TL
Renault Clio 1.5 dCi Grandtour Extreme,2012,325.000 KM,465.000 TL
Renault Clio 1.0 TCe Joy,2021,96.000 KM,1.055.000 TL
Mercedes - Benz CLA 200 AMG,2023,38.000 KM,3.290.000 TL
Fiat Egea 1.6 Multijet Easy,2024,67.000 KM,1.229.000 TL
Renault Clio 1.2 Joy,2014,73.000 KM,749.000 TL
Volkswagen Passat 1.6 TDi BlueMotion Comfortline,2013,191.000 KM,1.170.000 TL
Renault Clio 1.2 Joy,2015,101.000 KM,760.000 TL
Volkswagen Jetta 1.2 TSi BlueMotion Comfortline,2016,111.000 KM,1.350.000 TL
Renault Megane 1.5 dCi Touch,2019,272.000 KM,1.065.000 TL
Volkswagen Passat 1.6 TDi BlueMotion Comfortline,2014,217.000 KM,2014 PASSAT B7 1.6 TDİ BLUEMOTİON DSG F1 7 İLERİ COMFORTLİNE
Tofaş Şahin S,1995,99.500 KM,148.500 TL
Volvo S40 1.6 D,2007,230.000 KM,618.500 TL
Fiat 500 Ailesi 500L 1.3 Mjet PopStar,2015,163.000 KM,790.000 TL
Fiat Albea 1.3 Multijet Active,2005,448.000 KM,248.000 TL
Renault Fluence 1.5 dCi Extreme,2012,234.000 KM,689.000 TL
Volvo S60 1.6 D Premium,2014,268.000 KM,879.000 TL
Volkswagen Polo 1.0 TSi Comfortline,2017,109.000 KM,1.200.000 TL
Mercedes - Benz E 200 d Exclusive,2022,184.000 KM,3.790.000 TL
Mercedes - Benz E 250 D Standart,1985,288.000 KM,385.000 TL
Volkswagen Passat 1.4 TSi BlueMotion Comfortline,2018,100.000 KM,1.750.000 TL
Mercedes - Benz E 220 CDI Avantgarde,2008,432.000 KM,1.250.000 TL
Opel Astra 1.3 CDTI Enjoy,2009,117.000 KM,690.000 TL
Ford Focus 1.6 TDCi Titanium,2013,245.500 KM,625.000 TL
Skoda Felicia 1.3 LX,2001,210.000 KM,213.750 TL
Volkswagen Passat 1.6 TDi BlueMotion Comfortline,2015,107.000 KM,1.739.900 TL
Renault Megane 1.6 Joy,2018,119.000 KM,1.075.000 TL
Renault Clio 1.0 TCe Techno Esprit Alpine,2024,53.000 KM,1.385.000 TL
Honda Civic 1.5 i-VTEC Eco Elegance,2021,98.000 KM,1.800.000 TL
Audi A3 Sedan 1.6 TDI Attraction,2015,189.000 KM,1.340.000 TL
Opel Astra 1.6 CD,2000,266.000 KM,430.000 TL
Hyundai i20 1.4 CRDi Jump,2015,221.000 KM,690.000 TL
Renault Clio 1.0 SCe Joy,2022,190.000 KM,720.000 TL
Tofaş Şahin 5 Vites,1992,286.000 KM,60.000 TL
Mercedes - Benz A 180 Style,2020,75.000 KM,2.075.000 TL
Renault Megane 1.6 RTE,2000,215.000 KM,465.000 TL
Dacia Sandero 1.5 dCi Stepway,2017,115.000 KM,955.000 TL
Renault Clio 1.5 dCi SportTourer Joy,2018,201.500 KM,735.000 TL
Ford Fiesta 1.4 TDCi Collection,2008,205.000 KM,435.000 TL
Fiat Egea 1.4 Fire Easy Stil,2020,129.000 KM,835.000 TL
Fiat Egea 1.6 Multijet Easy,2022,92.000 KM,1.050.000 TL
Renault Clio 1.5 dCi SportTourer Joy,2019,188.300 KM,850.000 TL
BMW 3 Serisi 320i 50th Year M Edition,2022,40.000 KM,4.120.000 TL
Volvo S60 1.6 T4 Premium,2012,151.000 KM,1.155.000 TL
Opel Vectra 1.6 Design Edition,2005,285.000 KM,439.000 TL
Hyundai Accent Era 1.4 Team,2010,134.000 KM,745.000 TL
Fiat Egea 1.6 Multijet Easy,2020,185.000 KM,879.000 TL
Opel Astra 1.3 CDTI Cosmo,2008,370.000 KM,335.000 TL 310.000 TL
Renault Megane 1.3 TCe Joy,2021,81.000 KM,1.240.000 TL
Volkswagen Polo 1.4 Basicline,2004,197.000 KM,449.000 TL
Ford Fiesta 1.5 TDCi Trend,2016,68.000 KM,847.500 TL
Tofaş Doğan SLX,1992,250.000 KM,95.000 TL
Volkswagen Golf 1.6 Comfortline,2001,330.000 KM,425.000 TL
Audi A6 Sedan 2.0 TDI,2012,238.000 KM,1.550.000 TL
Mercedes - Benz E 220 D Avantgarde,2016,257.000 KM,2.695.000 TL
Hyundai i20 1.4 MPI Style,2023,83.000 KM,1.349.500 TL
Skoda Rapid 1.4 TDI Style,2017,249.000 KM,895.000 TL
Hyundai i20 1.4 MPI Jump,2024,72.000 KM,1.215.000 TL
Hyundai Elantra 1.6 D-CVVT Style,2017,75.000 KM,1.295.000 TL
Fiat Egea 1.4 Fire Urban,2023,47.000 KM,969.999 TL
Fiat Egea 1.3 Multijet Easy Plus,2023,113.000 KM,970.000 TL
BMW 5 Serisi 520i Executive Plus,2016,242.000 KM,1.765.000 TL
Audi A3 Sportback 35 TFSI Advanced,2021,147.000 KM,2.165.000 TL
Nissan Micra 1.2 Match,2016,128.000 KM,755.000 TL
Fiat 500 Ailesi 500L 1.3 Mjet Panoramic Edition,2013,169.000 KM,877.000 TL
Skoda Scala 1.0 TSI Elite,2022,139.000 KM,1.275.000 TL
Renault Fluence 1.5 dCi Touch,2014,275.000 KM,685.000 TL
Hyundai i20 1.2 MPI Jump,2016,317.000 KM,585.000 TL
Fiat Punto Grande 1.4 Fire Active,2009,185.000 KM,470.000 TL
BMW 3 Serisi 320i Sport Line,2022,97.000 KM,ERBAY DAN BMW 320 İ SPORTLİNE SRVSBAKIMLI HATASIZ 97.000KM&2022
Tofaş Doğan SLX ie,1999,213.000 KM,258.000 TL 251.500 TL
Audi A3 Sportback 1.6 TDI Attraction,2013,181.000 KM,1.120.000 TL
Renault Megane 1.6 RTE,1998,292.000 KM,249.000 TL
Renault Clio 1.5 dCi SportTourer Joy,2013,229.000 KM,660.000 TL
Renault Clio 1.0 TCe Touch,2021,77.000 KM,1.189.000 TL
Renault Clio 1.0 TCe Touch,2020,130.000 KM,1.130.000 TL
Ford C-Max 1.6 TDCi Titanium,2010,187.500 KM,665.000 TL
Volkswagen Passat 1.6 TDi BlueMotion Comfortline,2014,349.000 KM,865.000 TL
Toyota Auris 1.33 Comfort,2012,141.000 KM,745.000 TL
Mercedes - Benz C 180 Exclusive,2015,182.000 KM,1.965.000 TL
Dacia Logan 1.4 Ambiance,2005,172.000 KM,425.000 TL
Peugeot 206 1.4 Comfort,2009,258.000 KM,300.000 TL
BMW 3 Serisi 320d Standart,2012,203.000 KM,990.000 TL
Mercedes - Benz A 180 CDI BlueEfficiency AMG,2016,137.400 KM,1.660.000 TL
Mercedes - Benz C 180 Style,2016,217.000 KM,1.399.000 TL
Renault Clio 1.5 dCi Icon,2017,115.000 KM,1.070.000 TL
Audi A3 Sportback 1.6 TDI Attraction,2012,256.000 KM,1.200.000 TL
Hyundai i20 1.2 D-CVVT Sense,2013,156.000 KM,639.000 TL
Ford Fiesta 1.4 TDCi Trend,2010,250.000 KM,485.000 TL
Volkswagen Golf 1.6 Comfortline,1997,56.000 KM,290.000 TL
BMW 3 Serisi 318i Standart,1994,375.000 KM,275.000 TL
Honda Civic 1.6 Si,1994,370.000 KM,275.000 TL
Toyota Corolla 1.5 Flame X-Pack,2021,57.000 KM,1.575.000 TL
Hyundai i20 1.4 MPI Elite,2021,100.000 KM,1.364.750 TL
Hyundai Accent Blue 1.4 CVVT Prime,2012,124.000 KM,869.500 TL
Renault Fluence 1.6 Dynamique,2011,128.000 KM,710.000 TL
Hyundai i20 1.4 CRDi Style,2015,162.500 KM,855.000 TL
Opel Corsa 1.4 GLS,1998,191.000 KM,345.000 TL
Renault Talisman 1.6 dCi Icon,2016,111.000 KM,1.549.900 TL
Ford Focus 1.5 TDCi Titanium,2016,148.000 KM,1.310.000 TL
Dacia Sandero 1.5 dCi Stepway,2014,194.942 KM,735.000 TL
Ford Focus 1.5 TDCi Titanium,2017,280.500 KM,1.089.000 TL
Ford Fiesta 1.4 TDCi Comfort,2004,265.000 KM,449.000 TL
Opel Astra 1.6 Essentia,2013,204.285 KM,590.000 TL
Fiat Albea Sole 1.3 Multijet Active,2007,280.000 KM,370.000 TL
Audi A4 Sedan 2.0 TDI,2006,405.000 KM,599.000 TL
BMW 5 Serisi 520d M Sport,2007,440.000 KM,990.750 TL
Audi A6 Sedan 2.0 TDI,2015,252.000 KM,1.850.000 TL
Hyundai i20 1.0 T-GDI Style,2024,39.000 KM,1.325.000 TL
Ford Focus 1.5 EcoBlue Trend X,2023,111.751 KM,1.430.000 TL
Audi A3 Sportback 1.6 TDI Ambition,2012,176.000 KM,1.099.000 TL
Dacia Logan 1.6 MCV Ambiance,2016,360.000 KM,375.000 TL
Seat Ibiza 1.0 Style,2017,114.000 KM,875.000 TL
BMW 3 Serisi 320i Edition M Sport,2023,35.000 KM,4.050.000 TL
Opel Corsa 1.2 Twinport Active,2014,200.000 KM,495.000 TL
Opel Astra 1.4 T Edition Plus,2020,50.000 KM,1.135.000 TL
Honda Civic 1.6i VTEC Eco Executive,2019,120.000 KM,1.429.950 TL
Ford Fiesta 1.4 TDCi Trend,2011,256.400 KM,550.000 TL
Dacia Logan 1.4 Ambiance,2009,208.000 KM,395.000 TL
BMW 3 Serisi 320d Premium,2010,189.900 KM,1.190.000 TL
Audi A5 Sportback 2.0 TDI Quattro Sport,2018,250.000 KM,2.475.000 TL
Volkswagen Polo 1.2 TSi Comfortline,2014,170.000 KM,859.000 TL
Tofaş Şahin 1.6,1991,126.000 KM,190.000 TL 187.500 TL
Volkswagen Golf 1.5 TSi Impression,2024,29.600 KM,1.625.000 TL
Mercedes - Benz A 200 AMG,2021,86.000 KM,2.500.000 TL
Citroen C5 1.6 HDi SX,2008,325.000 KM,475.000 TL
Fiat Egea 1.3 Multijet Easy Plus,2023,102.000 KM,905.000 TL
Peugeot 301 1.5 BlueHDI Allure,2020,255.000 KM,690.000 TL
Toyota Corolla 1.8 Hybrid Flame,2020,196.000 KM,1.255.500 TL
Hyundai i20 1.0 T-GDI Jump,2025,25.000 KM,1.145.000 TL
Mercedes - Benz A 180 CDI BlueEfficiency Urban,2013,247.000 KM,1.095.000 TL
Kia Picanto 1.1 Hiper,2011,97.000 KM,619.000 TL
Dacia Sandero 1.5 dCi Stepway,2011,115.000 KM,719.000 TL
Opel Corsa 1.2 Twinport Essentia,2005,274.000 KM,385.000 TL
BMW 3 Serisi 320i ED M Plus,2014,262.000 KM,1.315.000 TL
Fiat Egea 1.3 Multijet Easy,2023,120.720 KM,885.000 TL
Chevrolet Aveo 1.3 D LTZ,2012,390.000 KM,440.000 TL 400.000 TL
Toyota Corolla 1.5 Flame X-Pack,2023,90.000 KM,1.629.900 TL
Opel Corsa 1.2 Innovation,2020,65.000 KM,839.000 TL
BMW 5 Serisi 520d Premium,2012,305.000 KM,1.490.000 TL
Fiat Palio 1.2 EL Speedgear,2003,282.000 KM,395.000 TL
Renault Taliant 1.0 T Joy,2021,160.000 KM,840.000 TL
Citroen AMİ Pop,2024,11.350 KM,455.000 TL
Audi A3 Sedan 1.6 TDI Sport Line,2018,112.000 KM,1.880.000 TL
Volkswagen Golf 1.6 TDi Comfortline,2012,216.600 KM,939.500 TL
Skoda Octavia 1.0 e-Tec Elite,2024,69.000 KM,1.675.000 TL
Renault Megane 1.5 dCi Dynamique,2012,194.000 KM,728.000 TL
Daihatsu Applause 1.6 X,1990,250.000 KM,165.000 TL
Citroen C-Elysée 1.6 HDi Exclusive,2016,156.800 KM,660.000 TL
Dacia Sandero 1.5 dCi Stepway,2017,106.000 KM,975.000 TL
Audi A3 Sportback 1.6 TDI Attraction,2016,163.000 KM,1.285.000 TL
Dacia Sandero 1.5 dCi Stepway,2017,132.000 KM,950.000 TL
Opel Corsa 1.0 Color Edition,2015,130.000 KM,755.750 TL
Peugeot 301 1.6 HDi Allure,2017,176.000 KM,795.000 TL
Chevrolet Cruze 1.6 LS,2011,224.000 KM,498.500 TL
BMW 3 Serisi 316i Standart,2007,70.658 KM,1.125.000 TL
Renault Megane 1.5 Blue DCI Touch,2021,89.500 KM,1.055.000 TL
BMW 3 Serisi 320i,2000,387.000 KM,395.000 TL
Volkswagen Polo 1.0 TSi Comfortline,2017,107.000 KM,DEĞİŞENSİZ - TERTEMİZ - VW POLO - OTOMATİK - COMFORTLİNE
Fiat Linea 1.3 Multijet Urban,2012,271.000 KM,540.000 TL
Mercedes - Benz C 200 AMG,2022,96.000 KM,3.600.000 TL
Renault Megane 1.5 Blue DCI Touch,2020,141.000 KM,1.275.000 TL
Audi A6 Sedan 2.0 TDI,2013,548.000 KM,1.450.000 TL
Toyota Corolla 1.4 D-4D Touch,2015,136.000 KM,1.250.000 TL
Renault Megane 1.5 dCi Dynamique,2005,265.000 KM,369.000 TL
Renault Clio 1.0 TCe Touch,2021,178.000 KM,968.000 TL
Ford Focus 1.6 Ghia,2000,328.000 KM,410.000 TL
Renault Clio 1.2 TCe Icon,2015,180.000 KM,Galeriden Renault Clio 1.2 TCe GTLine 2015 Model İstanbul
Volkswagen Polo 1.4 TDi Comfortline,2016,276.000 KM,POLO 1.4 TDI BMT COMFORTLİNE DSG
Fiat Egea 1.3 Multijet Easy,2020,154.000 KM,715.000 TL
Opel Vectra 2.0 CD,1996,420.000 KM,215.000 TL
Audi A3 Sportback 1.0 TFSI Dynamic,2018,152.000 KM,1.490.000 TL
Renault R 9 1.4 Broadway,1992,360.000 KM,160.000 TL
Opel Insignia 1.5 d Edition,2021,137.000 KM,1.325.000 TL
Fiat Linea 1.3 Multijet Active Plus,2015,281.000 KM,555.000 TL
Fiat 500 Ailesi 500L 1.3 Mjet RockStar,2016,183.000 KM,895.000 TL
Renault Clio 1.0 TCe Joy,2023,53.000 KM,1.015.000 TL
Fiat Egea 1.3 Multijet Easy,2017,50.000 KM,890.900 TL
Renault Taliant 1.0 T Joy,2022,66.000 KM,1.060.000 TL
Renault Taliant 1.0 T Joy,2022,145.000 KM,859.000 TL
Volvo S80 2.0 D Premium,2012,340.000 KM,849.000 TL
Renault Clio 1.0 SCe Joy,2022,56.000 KM,865.000 TL
Ford Focus 1.5 TDCi Trend X,2021,97.000 KM,1.275.000 TL
Opel Corsa 1.4 Twinport Enjoy,2012,154.000 KM,565.000 TL
Honda Civic 1.6i VTEC Eco Elegance,2019,155.000 KM,SENETLİ SATIŞ- KOLAY KREDİ - VERGİ LEVHALI %80 KREDİ KARTA 12 AY
Ford Focus 1.6 Comfort,2005,255.000 KM,565.000 TL
Volkswagen Polo 1.2 TSi Comfortline,2015,88.000 KM,1.125.000 TL
Opel Astra 1.6 Edition Plus,2017,51.700 KM,970.000 TL
Audi A1 1.6 TDI Sport,2015,205.000 KM,870.500 TL
Fiat Albea Sole 1.3 Multijet Active,2009,390.000 KM,235.000 TL
Opel Corsa 1.3 CDTI Essentia,2012,219.500 KM,556.000 TL
Opel Astra 1.3 CDTI Enjoy Plus,2012,219.500 KM,655.000 TL
Hyundai Accent Era 1.5 CRDi Team,2010,273.000 KM,480.000 TL
Mercedes - Benz C 200 AMG,2022,82.694 KM,4.050.000 TL
Hyundai i30 1.6 GDI Elite,2013,133.325 KM,950.000 TL
Volkswagen Passat 1.6 TDi BlueMotion Business,2019,175.000 KM,1.875.000 TL
BMW 3 Serisi 320i 50th Year M Edition,2023,120.000 KM,3.348.750 TL
Fiat Egea 1.3 Multijet Easy,2017,99.000 KM,827.750 TL
Volkswagen Polo 1.4 Trendline,2006,207.650 KM,535.000 TL
Fiat Egea 1.3 Multijet Easy,2016,296.000 KM,UYGUN FiYATLI MASRAFSIZ EGEA 2016 1.3 DiZEL
Renault Symbol 1.5 dCi Joy,2016,190.000 KM,645.000 TL
Volkswagen Golf 1.6 TDi Highline,2012,252.000 KM,935.000 TL
Ford Fusion 1.4 TDCi Comfort,2005,200.000 KM,498.000 TL
Ford Focus 1.6 Ti-VCT Trend X,2015,137.000 KM,1.185.000 TL
Renault Clio 1.5 dCi Icon,2016,164.202 KM,999.850 TL
Daihatsu Materia 1.5 Gold,2010,193.000 KM,310.000 TL
BMW 1 Serisi 116d ED EfficientDynamics,2012,316.000 KM,745.000 TL
Audi A6 Sedan 2.0 TDI,2008,407.000 KM,590.000 TL
Ford Fiesta 1.4 TDCi Trend,2010,322.021 KM,479.000 TL
Honda Civic 1.6i VTEC Dream,2013,185.000 KM,975.000 TL
Opel Astra 1.6 Edition,2013,178.000 KM,849.900 TL
Volkswagen Golf 1.5 TSi Comfortline,2019,78.000 KM,1.620.000 TL
Volkswagen Passat 1.6 TDi BlueMotion Comfortline,2018,195.000 KM,1.750.000 TL
Fiat Marea 1.6 Liberty,2004,250.000 KM,155.000 TL
Ford Focus 1.6 TDCi Trend,2007,285.000 KM,415.000 TL
Hyundai i20 1.4 CRDi Jump,2016,210.000 KM,760.000 TL
Mercedes - Benz E 350 CDI Premium,2012,412.000 KM,1.795.000 TL
Fiat Egea 1.4 Fire Urban,2025,8.600 KM,1.350.000 TL
Ford Fiesta 1.4 Titanium,2011,59.000 KM,875.000 TL
Mercedes - Benz C 200 Kompressor Avantgarde,2008,330.000 KM,965.000 TL
Fiat Egea 1.3 Multijet Easy,2023,87.000 KM,910.000 TL
Skoda Scala 1.5 TSI Premium,2020,178.000 KM,1.395.000 TL
Honda Civic 1.6i VTEC ES,2004,329.000 KM,599.000 TL
Audi A6 Sedan 40 TDI Quattro Design,2022,68.000 KM,4.900.000 TL
Mercedes - Benz CLA 200 AMG,2015,161.000 KM,1.625.000 TL 1.595.000 TL
Volkswagen Golf 1.2 TSi Comfortline,2014,195.500 KM,HATA BOYA TRAMER YOK 2014 VW GOLF 1.2 TSİ COMFORTLİNE DSG
Renault Fluence 1.5 dCi Business,2011,215.000 KM,675.000 TL
Renault Scenic 1.5 dCi Privilege,2007,259.500 KM,499.999 TL
Renault Megane 1.5 dCi Privilege,2006,235.000 KM,615.000 TL 599.000 TL
Volkswagen Passat 1.6 TDi BlueMotion Highline,2013,147.000 KM,1.550.000 TL
Peugeot 301 1.2 PureTech Active,2019,74.000 KM,725.000 TL 715.000 TL
Renault Clio 1.0 TCe Techno Esprit Alpine,2024,24.000 KM,1.390.000 TL
Renault Megane 1.5 Blue DCI Icon,2025,64.000 KM,1.840.000 TL
Ford Focus 1.6 TDCi Titanium,2013,196.000 KM,845.000 TL
Honda Civic 1.6i VTEC Eco Premium,2012,230.000 KM,899.000 TL
Volkswagen Passat 1.5 TSi Elegance,2020,125.000 KM,2.219.000 TL
Skoda Octavia 1.6 TDI Ambiente,2010,395.000 KM,465.000 TL
Ford Fiesta 1.6 Comfort,2006,160.000 KM,615.000 TL
Ford Focus 1.6 TDCi Style,2011,226.000 KM,750.000 TL
Fiat Linea 1.3 Multijet Urban,2012,199.000 KM,499.000 TL 470.000 TL
Fiat Egea 1.4 T-Jet Lounge Plus,2016,155.000 KM,835.000 TL
Ford Fiesta 1.25 My,2013,214.000 KM,619.000 TL
Honda Civic 1.6i VTEC LS,2003,200.500 KM,575.000 TL
Renault Megane 1.5 Blue DCI Joy,2020,148.500 KM,1.075.000 TL
Seat Ibiza 1.4 Basic,1998,248.000 KM,328.500 TL
Tofaş Şahin 1.6,1992,100.000 KM,135.000 TL
Audi A4 Sedan 40 TDI Quattro Advanced,2024,58.000 KM,3.580.000 TL 3.475.000 TL
Jaguar XF 2.0 D Prestige Plus,2016,162.300 KM,1.765.000 TL
Renault Symbol 1.5 dCi Joy,2015,228.000 KM,638.500 TL
Citroen C4 1.6 HDi Confort,2012,386.000 KM,475.000 TL
BMW 3 Serisi 320d M Sport,2011,330.000 KM,1.085.000 TL
Toyota Corolla 1.4 D-4D Advance,2014,129.600 KM,1.275.000 TL
Fiat Linea 1.3 Multijet Urban,2015,200.000 KM,660.000 TL
BMW 5 Serisi 520d M Sport,2010,375.000 KM,1.325.000 TL
Renault Fluence 1.5 dCi Extreme Edition,2011,80.000 KM,875.000 TL
Fiat Egea 1.6 Multijet Comfort,2017,252.000 KM,750.000 TL
Ford Focus 1.6 TDCi Trend X,2013,287.300 KM,665.000 TL
Renault Clio 1.2 Joy,2013,200.000 KM,650.000 TL
Renault Clio 1.3 TCe Icon,2020,110.000 KM,942.500 TL
Ford Focus 1.6 TDCi Trend X,2013,286.500 KM,690.000 TL
Hyundai Accent Era 1.5 CRDi-VGT Team,2006,211.000 KM,490.000 TL
BMW 3 Serisi 320i ED Sport Line,2016,73.000 KM,2.089.000 TL
Mercedes - Benz S 300,1991,313.000 KM,690.000 TL
Renault Symbol 1.4 Expression Plus,2009,262.000 KM,472.500 TL
Volkswagen Polo 1.6 TDi Comfortline,2011,313.000 KM,550.000 TL
Renault Clio 1.5 dCi Icon,2018,56.000 KM,1.279.000 TL
Opel Astra 1.6 CD,1999,390.000 KM,265.000 TL
Toyota Corolla 1.6 Linea Terra,1999,333.000 KM,355.000 TL
Renault Megane 1.5 Blue DCI Touch,2024,72.250 KM,1.670.000 TL
BMW 1 Serisi 118i M Plus,2016,194.000 KM,1.350.000 TL
Skoda SuperB 1.6 TDI Prestige,2019,155.000 KM,2.125.000 TL
Renault Clio 1.0 TCe Joy,2022,65.000 KM,1.079.000 TL
Renault Symbol 1.2 Joy,2015,21.700 KM,765.000 TL
Audi A4 Sedan 2.0 TDI Quattro,2012,185.000 KM,1.645.000 TL
Renault Symbol 1.5 dCi Joy,2016,375.000 KM,415.000 TL
Renault Megane 1.5 dCi Touch,2017,195.000 KM,1.090.000 TL
Peugeot 301 1.6 HDi Active,2016,287.000 KM,570.000 TL 530.000 TL
Renault Clio 1.2 Joy,2012,185.000 KM,595.000 TL
Audi A5 Sportback 2.0 TDI,2015,246.000 KM,1.639.900 TL
Renault Clio 1.2 Night & Day,2011,159.980 KM,599.000 TL
Opel Astra 1.3 CDTI Enjoy 111.Yıl,2011,170.000 KM,720.000 TL
Hyundai i20 1.4 MPI Jump,2021,164.000 KM,1.050.000 TL
Opel Astra 1.3 CDTI Essentia,2011,269.000 KM,595.900 TL
Volkswagen Passat 1.6 TDi BlueMotion Trendline,2018,210.000 KM,1.375.900 TL
Volkswagen Passat 1.6 TDi BlueMotion Highline,2018,210.000 KM,1.599.750 TL
Mercedes - Benz CLA 180 D AMG,2014,279.000 KM,500.000TL PEŞİNAT İLE-AMG GECE PAKET CAM TVN HATASIZ AYARINDA..!
Opel Corsa 1.3 CDTI Essentia,2004,239.000 KM,410.000 TL
Volkswagen Polo 1.2 TSi Comfortline,2015,184.000 KM,950.000 TL
Toyota Corolla 1.4 D-4D Advance,2014,217.000 KM,955.000 TL
Tofaş Şahin S,1997,50.000 KM,169.000 TL
Renault Megane 1.5 Blue DCI Touch,2022,101.849 KM,1.415.000 TL
Toyota Avensis 2.0 D-4D Elegant,2008,193.000 KM,585.000 TL
Volkswagen Polo 1.2 TDi Trendline,2012,262.000 KM,445.000 TL
Peugeot 301 1.6 HDi Active,2017,175.000 KM,758.500 TL
Hyundai Accent 1.5 CRDi Admire,2004,332.000 KM,265.000 TL
Opel Corsa 1.4 Twinport Active,2013,155.000 KM,799.000 TL
Toyota Auris 1.4 D-4D Active Skypack,2013,174.000 KM,1.065.000 TL
Renault Fluence 1.5 dCi Touch,2014,227.000 KM,769.750 TL
Renault Symbol 1.2 Authentique,2012,280.000 KM,468.500 TL
Opel Astra 1.4 T Sport,2015,109.000 KM,685.000 TL
Opel Astra 1.4 T Sport,2012,119.000 KM,860.000 TL
Renault Megane 1.6 Touch Plus,2015,158.000 KM,910.000 TL
Renault Fluence 1.5 dCi Icon,2015,240.000 KM,885.000 TL
Porsche Panamera 4,2011,250.000 KM,3.480.000 TL
Renault Megane 1.5 dCi Touch,2019,222.000 KM,910.000 TL
Renault Megane 1.5 dCi Touch,2017,146.000 KM,1.285.000 TL
Opel Astra 1.3 CDTI Edition Plus,2015,150.000 KM,825.000 TL
Renault Fluence 1.5 dCi Dynamique,2012,222.500 KM,729.500 TL
Hyundai i20 1.0 T-GDI Jump,2026,17.000 KM,1.430.000 TL
Mercedes - Benz E 180 Elite,2015,97.000 KM,2.550.000 TL
Hyundai Accent Blue 1.6 CRDI Mode Plus,2018,144.000 KM,899.000 TL
Lada Vega 1.6,2005,170.000 KM,200.000 TL
Mercedes - Benz C 200 Kompressor Elegance,1998,189.000 KM,1.200.000 TL
Hyundai Getz 1.4 DOHC AB AC,2008,140.000 KM,685.000 TL
Mercedes - Benz C 220 CDI AMG,2009,335.000 KM,1.000.000 TL
Honda Civic 1.6i VTEC Elegance,2011,196.000 KM,1.095.000 TL
Fiat Punto 1.2 Popstar,2015,162.000 KM,615.000 TL
Dacia Sandero 1.5 dCi Stepway,2016,56.000 KM,995.000 TL
Dacia Sandero 1.5 dCi Stepway,2013,188.000 KM,679.000 TL
Fiat Linea 1.3 Multijet Active Plus,2013,249.000 KM,439.000 TL
Fiat Albea 1.2 EL,2002,201.000 KM,345.000 TL
Fiat Palio 1.2 Active,2005,159.000 KM,365.000 TL
BMW 3 Serisi 320i ED 40th Year Edition,2015,120.000 KM,2.229.000 TL
Citroen C-Elysée 1.5 BlueHDI Feel,2023,72.000 KM,950.000 TL
BMW 5 Serisi 525d xDrive M Sport,2014,299.000 KM,1.380.000 TL
Audi A4 Sedan 2.0 TDI,2008,302.000 KM,750.000 TL
Skoda SuperB 1.5 TSI Prestige,2026,9.500 KM,3.595.000 TL
Fiat Linea 1.3 Multijet Active Plus,2010,297.000 KM,337.500 TL
Audi A4 Sedan 2.0 TDI,2014,205.000 KM,1.600.000 TL
Hyundai i30 1.6 CRDi Blue Drive,2015,216.000 KM,950.000 TL
Toyota Yaris 1.33 Style,2016,113.000 KM,1.035.000 TL
Hyundai i20 1.4 CRDi Jump,2016,250.000 KM,620.000 TL
Volkswagen Golf 1.6 TDi BlueMotion Comfortline,2012,255.000 KM,635.000 TL
Peugeot 308 1.6 VTi Comfort Pack,2010,160.000 KM,535.000 TL
BMW 3 Serisi 316i Standart,2005,269.400 KM,470.000 TL
Volkswagen Jetta 1.6 Tour,2009,292.000 KM,719.000 TL
Tofaş Şahin 1.6 ie,2001,64.000 KM,255.000 TL
Opel Vectra 1.6 Comfort,2006,257.000 KM,580.000 TL
Kia Ceed 1.6 CRDi Concept Plus,2014,192.500 KM,1.099.000 TL
DS Automobiles DS4 1.5 BlueHDi Performance Line,2023,36.000 KM,1.895.000 TL
Volvo S90 2.0 D D5 Inscription,2016,250.000 KM,2016 VOLVO S90 D5 AVD INSCRİPTION HATASIZ TRAMERSİZ KK TAKSİTLİ
Honda Civic 1.5 i-VTEC Elegance,2021,59.000 KM,1.769.000 TL
Volkswagen Polo 1.2 TSi Comfortline,2016,128.000 KM,1.069.000 TL
Seat Leon 1.5 eTSI FR,2023,53.000 KM,1.779.900 TL
Opel Insignia 1.6 CDTI Grand Sport Excellence,2018,96.000 KM,1.639.950 TL
Fiat Punto Grande 1.4 Fire Active,2007,202.000 KM,479.999 TL
Lancia Ypsilon 0.9,2013,202.000 KM,575.000 TL
BMW 3 Serisi 320i Sport Line,2022,44.700 KM,3.675.000 TL
Mercedes - Benz C 200 d BlueTEC AMG,2015,258.000 KM,1.650.000 TL 1.625.000 TL
Volkswagen VW CC 2.0 TDi TDI,2013,290.000 KM,990.000 TL
Kia Rio 1.4 EX Trend,2011,177.000 KM,695.000 TL
Renault Grand Scenic 1.5 dCi Privilege,2011,212.107 KM,665.000 TL
Peugeot 301 1.5 BlueHDI Active,2019,208.000 KM,650.000 TL
Volkswagen Polo 1.6 TDi Comfortline,2013,229.000 KM,2013 POLO 1.6 TDI COMFORTLİNE OTOMATİK HATASIZ DEĞİŞENSİZ
Renault Fluence 1.5 dCi Touch,2015,152.000 KM,899.000 TL
Hyundai i30 1.6 CRDi Elite Plus,2018,86.000 KM,1.405.000 TL
Hyundai i20 1.4 CVVT Jump,2013,189.000 KM,863.000 TL
Ford Focus 1.5 Ti-VCT Titanium,2023,87.000 KM,1.320.000 TL 1.272.500 TL
Fiat Linea 1.3 Multijet Active Plus,2011,170.000 KM,540.000 TL
Renault Symbol 1.5 dCi Joy,2016,122.000 KM,775.000 TL
BMW 3 Serisi 320d M Sport,2011,324.000 KM,1.135.000 TL
Fiat Albea 1.2 EL,2004,215.800 KM,325.000 TL
Renault Clio 1.2 TCe Icon,2014,85.000 KM,898.000 TL
Audi A3 Sportback 1.4 TFSI Ambiente,2012,185.000 KM,1.050.000 TL
Mercedes - Benz CLA 200 AMG,2023,55.800 KM,3.169.000 TL
Renault Clio 1.0 TCe Icon,2023,61.000 KM,1.215.000 TL
Volkswagen Jetta 1.6 Comfortline,2007,316.000 KM,465.000 TL
Seat Leon 1.2 TSI Style,2016,146.000 KM,1.190.000 TL
Audi A6 Sedan 2.0 TDI Quattro,2016,259.000 KM,2.149.000 TL
Skoda Octavia 1.0 e-Tec Elite,2021,125.000 KM,300.000 TL PEŞİNAT İLE 36 AY SENET İMKANI 2021 OCTAVİA OTOMATİK
BMW 5 Serisi 520i Executive M Sport,2015,270.000 KM,1.580.000 TL
Opel Vectra 2.0 CD,1996,395.000 KM,220.000 TL
BMW 3 Serisi 318i Prestige,2017,118.000 KM,1.545.000 TL
Opel Corsa 1.2 T Elegance,2021,94.000 KM,1.088.000 TL
Ford Focus 1.6 TDCi Titanium,2015,247.000 KM,695.000 TL
Peugeot 307 1.6 XT,2003,84.850 KM,610.000 TL
Volkswagen Passat 1.6 TDi BlueMotion Comfortline,2019,122.000 KM,BERBEROĞLU/2019/1.6TDİ COMFORTLİNE/122.000KM/HATASIZ/CAM TVN
Ford Fiesta 1.4 TDCi Trend,2011,165.000 KM,497.500 TL
Volkswagen Passat 1.6 TDi BlueMotion Trendline,2015,280.000 KM,1.000.000 TL
Toyota Yaris 1.0 Terra,2011,177.000 KM,524.000 TL
Fiat Linea 1.3 Multijet Active Plus,2015,260.000 KM,"89,500TL PEŞİNATLA TKST İMKN İLE 2015 LİNEA ACTİVE PLAS EMSALSİZ"
Fiat Egea 1.3 Multijet Urban Plus,2020,76.256 KM,1.045.000 TL
Peugeot 301 1.6 HDi Allure,2017,151.000 KM,838.000 TL
Renault Clio 1.0 TCe Evolution,2024,118.102 KM,1.220.000 TL
Toyota Corolla 1.33 Life,2017,127.700 KM,1.097.500 TL
BMW 1 Serisi 118i First Edition Sport Line,2019,69.000 KM,KÜLÇE'DEN 2020 ÇIKIŞ EXE. F.EDT.SPORTLİNE DŞK KM S.BKM K.KART 12
Dacia Lodgy 1.5 dCi Laureate,2013,207.000 KM,789.000 TL
Volkswagen Golf 1.4 TSi Comfortline,2009,219.000 KM,852.000 TL
Opel Astra 1.4 T Sport,2013,78.000 KM,975.000 TL
Citroen C-Elysée 1.5 BlueHDI Feel Bold,2022,63.000 KM,765.900 TL
Renault Megane 1.5 dCi Touch Plus,2019,188.000 KM,1.150.000 TL
Mercedes - Benz C 180 Kompressor BlueEfficiency AMG,2012,368.000 KM,1.100.000 TL
Ford Focus 1.6 TDCi Titanium,2016,279.112 KM,789.000 TL
Citroen C4 1.6 e-HDi Confort,2012,212.000 KM,775.000 TL
Renault Clio 1.5 dCi Joy,2016,273.000 KM,650.000 TL
Fiat Egea 1.4 Fire Easy,2021,159.000 KM,747.000 TL
Fiat Tempra 1.6 SX A,1996,118.000 KM,190.000 TL
Opel Corsa 1.3 CDTI Enjoy,2008,246.110 KM,505.000 TL 495.000 TL
Renault Laguna 2.0 RTI,1996,400.000 KM,200.000 TL
Opel Corsa 1.4 Enjoy,2015,107.000 KM,895.000 TL
Hyundai Accent Era 1.5 CRDi-VGT Select,2010,313.000 KM,495.000 TL
Volkswagen Passat 1.4 TSi Comfortline,2010,198.000 KM,880.000 TL
Ford Focus 1.6 TDCi Trend X,2010,289.000 KM,590.000 TL
Ford Fiesta 1.5 TDCi Titanium,2015,81.000 KM,930.000 TL
Volkswagen Golf 1.6 TDi BlueMotion Comfortline,2013,220.000 KM,DRN GROUP/VW GOLF BMT COMFORTLINE/ILK SAHIP/HATASIZ/KK 12AY TKST
Renault Clio 1.6 Dynamique,2007,295.000 KM,475.000 TL
Toyota Auris 1.6 Elegant,2008,228.000 KM,789.999 TL
Ford Focus 1.6 Trend,2009,102.500 KM,765.000 TL
BMW 3 Serisi 320i M Sport,2023,109.000 KM,3.429.000 TL
Honda Civic 1.6i VTEC Eco Elegance,2016,171.000 KM,1.199.000 TL
Toyota Corolla 1.6 Advance,2015,113.000 KM,1.060.000 TL
Mercedes - Benz C 200 d BlueTEC AMG,2016,213.000 KM,1.725.000 TL
Volkswagen Passat 1.6 TDi BlueMotion Highline,2014,234.000 KM,1.525.000 TL
BMW 3 Serisi 320d Modern Line,2012,305.000 KM,1.360.000 TL 1.350.000 TL
Seat Leon 1.6 Stylance,2008,236.000 KM,610.000 TL
Audi A3 Sportback 1.6 TDI Sport Line,2016,172.500 KM,2016 YENİ KASA AUDİ A3 SPORTLİNE S-TRONIC CAM TAVAN |RECORE KLTK
Peugeot 107 1.0 Urban Move,2011,136.000 KM,725.000 TL
Dacia Sandero 1.5 dCi Stepway,2016,81.000 KM,919.998 TL 909.999 TL
Volkswagen Polo 1.0 Trendline,2017,78.000 KM,850.000 TL
Kia Pro Ceed 1.6 GDI GT,2013,201.000 KM,980.000 TL
Opel Astra 1.6 CDTI Edition Plus,2016,215.000 KM,860.000 TL
Renault Clio 1.5 dCi Joy,2019,167.950 KM,750.000 TL
Ford Mondeo 2.0 TDCi Trend,2008,413.000 KM,625.000 TL
Renault Symbol 1.5 dCi Authentique,2012,263.000 KM,385.000 TL
Honda Civic 1.6i VTEC Eco Elegance,2016,136.000 KM,1.315.000 TL 1.285.000 TL
Renault Clio 1.0 TCe Touch,2023,104.000 KM,945.000 TL 925.000 TL
Renault Megane 1.5 Blue DCI Icon,2019,233.000 KM,1.098.000 TL
Volkswagen Passat 1.6 FSi Comfortline,2005,375.000 KM,449.000 TL
Mercedes - Benz A 180 d Style,2018,108.000 KM,1.599.000 TL
Hyundai Accent Era 1.5 CRDi-VGT Team,2008,345.000 KM,268.000 TL
Hyundai Getz 1.4 DOHC AB AC,2008,226.000 KM,460.000 TL
Skoda Scala 1.0 TSI Premium,2023,80.000 KM,1.330.000 TL
Mercedes - Benz CLA 180 D Comfort,2017,130.000 KM,1.720.000 TL 1.700.000 TL
Volkswagen Passat 1.4 TSi BlueMotion Highline,2018,140.000 KM,1.809.900 TL
Volkswagen Passat 2.0 TDi Comfortline,2006,238.000 KM,870.000 TL
Volkswagen Golf 1.6 TDi BlueMotion Comfortline,2016,277.000 KM,1.170.000 TL
Volkswagen Polo 1.4 TDi Comfortline,2017,164.000 KM,995.000 TL
Skoda SuperB 1.5 TSI Premium,2025,66.000 KM,2.690.000 TL
Toyota Corolla 1.4 D-4D Advance,2015,257.000 KM,879.900 TL
Toyota Corolla 1.4 D-4D Advance,2015,178.000 KM,1.000.000 TL
Skoda Fabia 1.0 TSI Premium,2025,18.000 KM,1.595.000 TL
Hyundai i20 1.4 MPI Style Plus,2022,53.000 KM,1.365.000 TL
Dacia Sandero 1.5 dCi Stepway Style,2018,189.000 KM,810.000 TL
Seat Ibiza 1.0 EcoTSI Style,2025,12.900 KM,1.495.000 TL
BMW 3 Serisi 320i ED Standart,2014,243.000 KM,1.330.000 TL
Suzuki SX4 GLX,2013,84.000 KM,1.020.000 TL
Renault Laguna 2.0 RXT,1999,345.000 KM,270.000 TL
Ford Focus 1.6 Comfort,2004,151.000 KM,610.000 TL
Honda Civic 1.6i VTEC Elegance,2009,230.000 KM,909.000 TL
Hyundai Getz 1.3 GL,2005,272.000 KM,429.000 TL
Skoda Fabia 1.0 GreenTec Style,2019,118.000 KM,1.175.000 TL 1.150.000 TL
Volkswagen Golf 1.6 TDi BlueMotion Highline,2012,175.000 KM,1.199.000 TL 1.169.000 TL
Renault Fluence 1.5 dCi Touch,2014,192.000 KM,740.000 TL
Renault Megane 1.3 TCe Touch,2023,57.000 KM,1.525.000 TL
Opel Corsa 1.2 T Elegance,2022,90.000 KM,1.185.000 TL
Mazda 3 1.6 Dynamic,2006,255.000 KM,495.000 TL
Opel Astra 1.2 T Edition,2023,110.000 KM,1.370.000 TL
Hyundai i10 1.2 D-CVVT Elite,2015,63.000 KM,989.500 TL 959.500 TL
Mercedes - Benz C 180 Kompressor BlueEfficiency AMG,2011,165.000 KM,1.459.000 TL
Hyundai i20 1.4 MPI Elite,2020,82.000 KM,1.340.000 TL
Fiat Egea 1.3 Multijet Urban Plus,2019,186.000 KM,825.000 TL
Hyundai Accent Blue 1.6 CRDI Mode,2015,218.000 KM,855.000 TL
Citroen C4 1.6 HDi Attraction,2012,218.000 KM,599.000 TL
Toyota Corolla 1.5 Dream X-Pack,2023,88.000 KM,1.620.000 TL
Peugeot 208 1.2 PureTech GT Line,2016,140.000 KM,960.000 TL
Skoda Octavia 1.6 TDI Style CR,2015,215.000 KM,1.085.000 TL
Opel Corsa 1.4 Twinport Enjoy 111,2011,128.000 KM,780.000 TL
Mercedes - Benz E 220 D AMG,2024,6.001 KM,9.140.000 TL
Mercedes - Benz E 200,1994,405.000 KM,455.000 TL
Mini Cooper 1.5 Signature,2023,37.000 KM,1.765.000 TL
Dacia Sandero 0.9 TCe Stepway Easy-R,2016,123.000 KM,830.000 TL
Peugeot 301 1.6 HDi Active,2017,129.500 KM,799.900 TL
Renault Megane 1.5 dCi Expression,2007,235.000 KM,465.000 TL 399.000 TL
Peugeot 301 1.6 HDi Active,2016,198.000 KM,670.000 TL
Fiat Linea 1.3 Multijet Pop,2016,175.000 KM,695.000 TL 675.000 TL
Toyota Corolla 1.8 Hybrid Dream,2021,166.000 KM,1.265.000 TL
Opel Corsa 1.4 Enjoy,2017,107.100 KM,975.000 TL
Dacia Logan 1.2,2012,207.000 KM,365.000 TL
Toyota Corolla 1.33 Life,2016,44.000 KM,1.150.000 TL 1.125.000 TL
Dacia Logan 1.5 dCi Ambiance,2009,300.000 KM,248.500 TL
Volkswagen Golf 1.6 TDi BlueMotion Highline,2014,245.000 KM,1.235.000 TL 1.225.000 TL
Tesla Model Y Performance (Legacy),2023,94.000 KM,2.475.000 TL
Opel Astra 1.6 Essentia,2008,322.000 KM,410.000 TL 395.000 TL
Ford Fusion 1.6 TDCi Lux,2007,320.000 KM,445.000 TL
Audi A3 Sportback 1.6 TDI Attraction,2016,183.000 KM,1.250.000 TL
Peugeot 306 1.6 XR,2000,272.000 KM,260.000 TL
Toyota Corolla 1.5 Flame,2022,98.000 KM,1.515.000 TL
Toyota Corolla 1.5 Flame X-Pack,2023,38.500 KM,1.650.000 TL
Suzuki Swift 1.2 GL,2016,134.000 KM,930.000 TL
Honda Civic 1.6i VTEC Executive,2021,165.000 KM,1.650.000 TL
Fiat Egea 1.3 Multijet Easy,2023,115.900 KM,939.500 TL
Peugeot 301 1.6 HDi Active,2017,91.000 KM,817.500 TL
Honda Civic 1.6i VTEC Eco Elegance,2012,106.000 KM,1.330.000 TL
Ford Focus 1.5 EcoBlue Titanium Stil,2024,92.000 KM,1.630.000 TL
Volkswagen Passat 1.6 TDi BlueMotion Impression,2017,125.000 KM,1.439.000 TL
Citroen C3 1.4 HDi X Furio,2006,238.000 KM,379.000 TL 365.000 TL
Volvo S60 1.6 D Premium,2014,214.000 KM,1.120.000 TL
Mini Cooper 1.5 D Türkiye Paketi,2016,182.000 KM,1.250.000 TL 1.225.000 TL
Opel Corsa 1.2 T Edition,2021,29.850 KM,1.245.750 TL
Skoda Fabia 1.0 GreenTec Style,2017,228.000 KM,825.000 TL
Peugeot 206 1.4 X-Line,2004,168.000 KM,395.000 TL
Kia Rio 1.5 Comfort,2003,432.100 KM,249.750 TL
Ford Focus 1.6 TDCi Trend X,2010,174.000 KM,755.000 TL
Hyundai i20 1.0 T-GDI Style,2025,35.000 KM,1.399.000 TL
Honda Civic 1.6i VTEC Elegance,2012,131.000 KM,1.255.000 TL
Fiat Linea 1.4 Fire Actual,2013,168.400 KM,585.000 TL
Seat Leon 1.2 TSI Style,2011,140.000 KM,755.000 TL
Renault Megane 1.3 TCe Touch,2025,40.000 KM,1.575.000 TL
Ford Fiesta 1.25 Flair,2000,352.000 KM,221.500 TL
Mercedes - Benz C 180 Kompressor BlueEfficiency Avantgarde,2012,120.000 KM,1.385.000 TL 1.349.000 TL
Volkswagen Passat 1.4 TSi BlueMotion Highline,2016,172.000 KM,1.645.000 TL
Ford Focus 1.6 Ti-VCT Trend X,2014,183.500 KM,925.000 TL
Fiat Egea 1.6 Multijet Lounge,2015,105.000 KM,930.000 TL
Volkswagen Polo 1.2 TSi Comfortline,2015,175.000 KM,2015 MODEL WW POLO 1.2 TSİ COMFORTLİNE 175.000 KMDE
Fiat Punto EVO 1.3 Multijet Dynamic,2011,285.000 KM,455.000 TL
Fiat Egea 1.6 Multijet Comfort,2017,255.000 KM,740.000 TL
Renault Symbol 1.4 Authentique,2009,192.000 KM,530.000 TL
Dacia Sandero 1.5 dCi Stepway,2014,310.000 KM,459.500 TL
Renault Clio 1.0 TCe Joy,2021,168.000 KM,925.000 TL
Fiat Egea 1.3 Multijet Easy,2017,253.949 KM,522.000 TL 510.000 TL
Renault Clio 1.5 dCi Joy,2016,223.000 KM,650.000 TL
Renault Clio 1.5 dCi Touch,2017,318.000 KM,605.000 TL
Skoda Octavia 1.6 TDI Ambiente,2012,208.000 KM,850.000 TL
Fiat Palio 1.4 EL,2000,270.000 KM,249.000 TL
Nissan Micra 1.2 Match,2015,39.000 KM,1.050.000 TL
Renault Scenic 1.5 dCi Expression,2011,319.000 KM,620.000 TL 550.000 TL
Renault Megane 1.3 TCe Icon,2025,39.000 KM,1.729.000 TL
BMW 5 Serisi 530i Standart,2004,252.000 KM,975.000 TL
Honda Civic 1.6i VTEC Dream,2010,160.000 KM,869.500 TL
Skoda SuperB 1.6 TDI Prestige,2016,228.000 KM,1.475.000 TL
Fiat Egea 1.3 Multijet Easy,2023,62.000 KM,890.000 TL
Fiat Palio 1.4 EL,1999,367.220 KM,195.000 TL
Renault Megane 1.3 TCe Touch,2023,35.000 KM,1.565.000 TL
Renault Clio 1.2 SportTourer Joy,2016,83.000 KM,748.750 TL
Peugeot 308 1.6 VTi Millesim,2010,104.000 KM,665.000 TL
Opel Astra 1.6 CD,2000,262.000 KM,360.000 TL
Ford Focus 1.5 EcoBlue Titanium Stil,2025,13.000 KM,2.129.000 TL
Skoda Rapid 1.4 TDI Style,2016,271.000 KM,715.000 TL
Volkswagen Passat 1.6 TDi BlueMotion Impression,2018,157.000 KM,1.550.000 TL
Hyundai i20 1.4 MPI Style,2023,30.000 KM,1.430.000 TL
Fiat Siena 1.4 EL,1999,260.000 KM,139.000 TL
Citroen C-Elysée 1.5 BlueHDI Feel Bold,2022,71.800 KM,795.750 TL 785.750 TL
Seat Leon 1.6 TDI CR Style,2015,265.000 KM,857.500 TL 847.500 TL
Toyota Corolla 1.5 Dream,2022,130.000 KM,1.275.000 TL
Toyota Corolla 1.4 D-4D Terra,2007,214.000 KM,629.900 TL
Toyota Corolla 1.4 D-4D Premium 50.Yıl,2017,156.200 KM,1.215.000 TL
Skoda SuperB 1.5 TSI Laurin&Klement Crystal,2024,78.500 KM,2.994.900 TL
Ford Focus 1.6 Ti-VCT Trend X,2017,90.100 KM,1.240.000 TL
Opel Astra 1.2 T GS,2025,8.450 KM,EGMOTORS34/ASTRA/C.TAVAN/K.ISITMA/360KAMERA/PEŞİNAT:975.000TL
Volkswagen Golf 1.2 TSi Comfortline,2014,163.000 KM,1.080.000 TL
Renault Fluence 1.5 dCi Touch Plus,2014,170.000 KM,820.000 TL
Honda Civic 1.4 i S,1998,352.000 KM,310.000 TL
Renault Clio 1.0 TCe Equilibre,2023,82.000 KM,1.209.900 TL
Ford Focus 1.6 TDCi Collection,2011,181.000 KM,845.000 TL 820.000 TL
Renault Clio 1.0 TCe Joy,2021,161.000 KM,889.000 TL
Skoda Fabia 1.0 TSI Premium,2020,125.000 KM,1.200.000 TL
Skoda SuperB 1.5 TSI Prestige,2021,152.000 KM,1.885.000 TL
Skoda Octavia 1.6 TDI Elegance CR,2013,250.000 KM,813.500 TL
Seat Altea 1.6 TDI I-Tech XL,2014,198.500 KM,839.900 TL
Mercedes - Benz E 180 Elite,2014,202.000 KM,1.580.000 TL
Mercedes - Benz E 250 CDI AMG,2013,310.000 KM,2.350.000 TL
Fiat Linea 1.3 Multijet Actual Plus,2013,191.000 KM,565.000 TL
Volvo S40 1.6 D Dynamic,2009,250.000 KM,471.000 TL
Alfa Romeo Giulietta 1.4 TB MultiAir Distinctive,2012,240.000 KM,790.000 TL
Opel Corsa 1.2 Essentia,2015,160.000 KM,720.000 TL 699.000 TL
BMW 3 Serisi 320i ED 40th Year Edition,2015,248.000 KM,1.735.000 TL
Volkswagen Passat 1.6 TDi BlueMotion Trendline,2016,233.000 KM,1.350.000 TL
Toyota Corolla 1.4 D-4D Touch,2016,95.000 KM,1.315.000 TL
Citroen C3 1.2 PureTech Feel Bold,2021,65.000 KM,1.125.000 TL 1.100.000 TL
BMW 5 Serisi 520i Executive Plus,2016,160.000 KM,1.989.000 TL
BMW 3 Serisi 320i ED M Plus,2013,169.000 KM,1.480.000 TL
Renault Fluence 1.5 dCi Business,2012,173.396 KM,624.000 TL
Tesla Model Y Performance (Legacy),2023,33.000 KM,2.929.900 TL
Hyundai Accent Era 1.6 Style,2006,430.000 KM,360.000 TL
Dacia Sandero 1.0 Ambiance,2017,210.000 KM,650.000 TL
Toyota Auris 1.6 Comfort,2008,123.000 KM,800.000 TL 790.000 TL
Volkswagen Golf 1.0 eTSI R Line,2022,85.000 KM,2.025.000 TL
Renault Clio 1.5 dCi Icon,2017,170.000 KM,1.035.000 TL
Renault Scenic 1.6 Privilege,2006,151.000 KM,570.000 TL
Renault Megane 1.5 dCi Touch Plus,2015,194.000 KM,739.000 TL
Mercedes - Benz C 200 D AMG,2016,185.000 KM,1.725.000 TL
Hyundai Accent Blue 1.6 CRDI Mode Plus,2016,148.000 KM,935.000 TL
Fiat Egea 1.4 Fire Easy Plus,2023,17.500 KM,1.030.000 TL
Hyundai Accent 1.6 Admire,2005,194.000 KM,440.000 TL
Citroen C4 1.4 VTi Attraction,2011,150.000 KM,618.000 TL
Fiat Egea 1.3 Multijet Urban,2023,138.000 KM,949.000 TL
Kia Picanto 1.1 EX,2005,195.000 KM,445.000 TL
Seat Leon 1.6 TDI Style,2017,127.375 KM,1.345.000 TL
Volkswagen Golf 1.6 TDi BlueMotion Comfortline,2013,135.000 KM,1.425.000 TL
Skoda Scala 1.6 TDI Premium,2020,103.000 KM,1.275.000 TL
Seat Ibiza 1.0 EcoTSI Style,2018,153.000 KM,1.215.000 TL
Ford Focus 1.5 Ti-VCT Trend X,2021,69.000 KM,1.285.000 TL
BMW 3 Serisi 316i Standart,2006,330.000 KM,695.000 TL
Honda Civic 1.6i VTEC Eco Executive,2017,230.000 KM,1.395.000 TL
Renault R 19 1.6 Europa RNE,1998,342.000 KM,315.000 TL
Seat Ibiza 1.0 EcoTSI Style,2021,42.000 KM,1.265.000 TL
Renault Megane 1.3 TCe Joy,2024,99.000 KM,1.315.000 TL
Hyundai Accent Era 1.5 CRDi-VGT Team,2011,392.000 KM,375.000 TL 360.000 TL
Volkswagen Polo 1.2 TSi Comfortline,2015,116.000 KM,BİRLİK AUTO'DAN 2015 POLO TSI COMFORTLINE BOYASIZ SÜRÜŞ PAKET
Volkswagen Polo 1.0 Trendline,2015,52.000 KM,905.000 TL
BMW 3 Serisi 320i ED Sport Line,2015,153.200 KM,1.662.500 TL
BMW 5 Serisi 520i Executive,2016,123.000 KM,2.229.000 TL
Renault Megane 1.2 TCe Icon,2017,127.000 KM,1.185.000 TL
Fiat Egea 1.3 Multijet Easy,2019,212.000 KM,715.000 TL
Renault Megane 1.5 dCi Touch,2017,164.000 KM,1.220.000 TL
Volkswagen Passat 1.9 TDi Comfortline,2004,178.000 KM,580.000 TL
Renault Megane 1.5 dCi Dynamique,2005,274.000 KM,472.000 TL
Toyota Corolla 1.4 D-4D Touch,2013,179.000 KM,1.065.000 TL
Volkswagen Beetle 1.2 TSi Design,2012,184.000 KM,BAR-CAR BEETLE 1.2 TSI HATASIZ BOYASIZ CAM TAVAN
BMW 1 Serisi 116d Joy Plus,2017,158.000 KM,1.129.000 TL
Volkswagen Jetta 1.9 TDi Midline,2007,344.000 KM,575.000 TL
Skoda Scala 1.0 TSI Premium,2023,160.000 KM,1.109.000 TL
Fiat Palio 1.2 Active,2006,180.000 KM,394.750 TL 384.750 TL
Volkswagen Passat 1.4 TSi BlueMotion Highline,2011,232.000 KM,1.060.000 TL
Renault Megane 1.5 dCi Expression,2011,122.000 KM,859.000 TL
Mercedes - Benz E 200 Exclusive,2016,128.000 KM,3.579.000 TL
Citroen C4 1.2 PureTech Confort,2025,18.000 KM,1.775.000 TL
Citroen C-Elysée 1.6 BlueHDI Feel,2018,199.200 KM,769.900 TL
BMW 5 Serisi 520i Edition M Sport,2025,26.348 KM,6.395.000 TL
BMW 4 Serisi 418i Gran Coupe Prestige,2015,79.000 KM,1.775.000 TL
BMW 3 Serisi 320d Techno Plus,2012,509.000 KM,1.050.000 TL
Toyota Corolla 1.8 Hybrid Flame X-Pack,2025,35.000 KM,2.195.000 TL
Toyota Yaris 1.33 Style Skypack,2015,90.000 KM,805.000 TL
Ford Focus 1.6 TDCi Trend X,2010,265.000 KM,725.000 TL
Volkswagen Golf 1.0 TSi Comfortline,2019,106.000 KM,1.375.000 TL
Volkswagen Passat 1.5 TSi Impression,2021,145.000 KM,1.759.000 TL 1.739.000 TL
Toyota Corolla 1.6 Premium,2013,275.000 KM,765.000 TL
Renault Megane 1.3 TCe Joy,2022,74.000 KM,1.429.000 TL
Honda Civic 1.6i VTEC Eco Elegance,2012,147.000 KM,1.039.000 TL
Ford Focus 1.5 EcoBlue Titanium X,2025,44.000 KM,1.877.500 TL
Audi A6 Sedan 2.0 TFSI Quattro,2017,122.000 KM,3.150.000 TL 3.100.000 TL
BMW 5 Serisi 525d xDrive Premium,2013,295.000 KM,1.305.000 TL
Audi A3 Sedan 1.6 TDI Ambiente,2015,158.000 KM,1.465.000 TL 1.445.000 TL
Hyundai Elantra 1.6 GLS,2001,251.000 KM,450.000 TL
Renault Clio 1.5 dCi Joy,2012,190.000 KM,675.000 TL
Skoda SuperB 1.5 TSI Elite,2019,270.000 KM,1.475.000 TL
Audi A3 Sedan 1.4 TFSI Attraction,2014,177.000 KM,1.275.000 TL
Mercedes - Benz 200 E,1993,380.700 KM,525.000 TL
Ford Mondeo 2.0 Ghia,2004,221.000 KM,435.000 TL 430.000 TL
Renault Scenic 1.5 dCi Privilege,2012,206.000 KM,749.000 TL
Renault Megane 1.5 Blue DCI Joy,2020,175.000 KM,1.145.000 TL
Jaguar XE 2.0 Prestige,2015,260.000 KM,1.445.000 TL
BMW 5 Serisi 530i Standart,1999,419.000 KM,600.000 TL
Mercedes - Benz CLA 180 D AMG,2014,161.000 KM,1.345.000 TL
Renault Clio 1.2 Joy,2013,92.390 KM,SADECE 92000 KM DE ÇOK TEMİZ TÜM KKARTLARA 12TAKSİT
Renault Clio 1.0 TCe Techno Esprit Alpine,2024,26.000 KM,1.450.000 TL
Mercedes - Benz E 250 CDI Premium,2011,436.436 KM,1.725.000 TL
Skoda Octavia 1.6 TDI Optimal,2018,196.000 KM,1.224.500 TL
Renault Megane 1.3 TCe Touch,2025,8.000 KM,1.700.000 TL
Peugeot 207 1.6 HDi Outdoor,2009,238.000 KM,515.000 TL
Honda Civic 1.6i VTEC Elegance,2011,161.200 KM,939.000 TL
Volkswagen Polo 1.4 Comfortline,2011,176.000 KM,750.000 TL
Volkswagen Golf 1.5 eTSI R Line,2021,95.000 KM,1.955.000 TL
BMW 4 Serisi 420i Edition M Sport,2021,90.000 KM,4.060.000 TL
Volkswagen Golf 1.4 TSi Comfortline,2018,150.000 KM,1.610.000 TL
BMW 3 Serisi 316i Standart,2011,203.200 KM,935.000 TL
Hyundai i30 1.6 GDI Style,2014,165.000 KM,950.000 TL
Opel Corsa 1.3 CDTI Enjoy,2012,235.000 KM,545.000 TL
BMW 5 Serisi 525d Standart,2000,270.000 KM,435.000 TL
Opel Corsa 1.3 CDTI Enjoy,2011,156.000 KM,675.000 TL 655.000 TL
Volkswagen Passat 1.6 TDi BlueMotion Comfortline,2014,186.980 KM,2014 VW PASSAT B8 1.6 TDİ COMFORTLİNE DSG-SERVİS BAKIMLI-HATASIZ
Citroen C5 2.0 HDi SX,2005,297.000 KM,385.000 TL
Renault Clio 1.0 TCe Icon,2021,134.000 KM,1.119.000 TL
Toyota Corolla 1.4 D-4D Advance,2013,163.000 KM,1.120.000 TL
Renault Megane 1.6 RTE,1999,275.000 KM,268.000 TL
Peugeot 207 1.4 HDi Trendy,2007,49.500 KM,695.000 TL
Fiat Egea 1.3 Multijet Easy Plus,2018,194.000 KM,750.000 TL
Renault Clio 1.0 TCe Techno Esprit Alpine,2024,29.000 KM,1.480.000 TL
Volkswagen Passat 1.6 TDi BlueMotion Comfortline,2016,186.000 KM,1.385.000 TL
Citroen C3 1.2 PureTech Shine,2023,53.000 KM,1.275.000 TL
Seat Leon 1.4 EcoTSI FR,2017,89.000 KM,1.675.000 TL
Renault Symbol 1.5 dCi Joy,2015,243.500 KM,520.000 TL
Ford Focus 1.5 Ti-VCT Trend X,2020,122.000 KM,1.140.000 TL
Volkswagen Passat 1.6 TDi BlueMotion Comfortline,2013,252.000 KM,1.025.000 TL
Renault Megane 1.6 Joy,2017,141.000 KM,1.030.000 TL
Volkswagen Passat 1.6 TDi BlueMotion Comfortline,2016,222.000 KM,1.485.000 TL
Seat Leon 1.2 TSI Style,2017,145.000 KM,1.314.900 TL
Volkswagen Jetta 1.2 TSi Comfortline,2014,248.000 KM,839.000 TL
Renault Symbol 1.5 dCi Expression,2012,434.000 KM,ÜNAL OTOMOTİV DEN 2012 SYMBOL 1.5 DCİ EXPRESSİON/210.000TL KREDİ
Ford Focus 1.5 EcoBlue Titanium Stil,2024,123.000 KM,1.564.000 TL
Renault Symbol 1.5 dCi Joy,2016,355.000 KM,450.000 TL
Toyota Corolla 1.6 Life,2018,40.000 KM,1.350.000 TL
Renault Clio 1.0 TCe Joy,2021,103.000 KM,923.000 TL
Dacia Sandero 1.0 Ambiance,2019,66.000 KM,645.000 TL
Dacia Sandero 1.0 TCe Extreme,2024,20.000 KM,1.295.000 TL
Fiat Linea 1.3 Multijet Active Plus,2012,235.000 KM,473.000 TL
Ford Focus 1.5 TDCi Titanium,2020,140.000 KM,1.490.000 TL
Volkswagen Polo 1.4 Comfortline,2006,287.000 KM,550.000 TL
Audi A4 Sedan 2.0 TDI Dynamic,2018,179.000 KM,2.150.000 TL 2.100.000 TL
Volkswagen Jetta 1.6 TDi Trendline,2015,156.470 KM,1.175.000 TL
Renault Clio 1.5 dCi Joy,2014,255.500 KM,610.000 TL
Renault Fluence 1.5 dCi Touch Plus,2016,144.000 KM,1.035.000 TL
Hyundai Accent 1.6 Admire,2007,225.000 KM,535.000 TL
Volkswagen Jetta 1.6 TDi Comfortline,2013,149.000 KM,1.050.000 TL
Lada Samara 1.5,2001,280.000 KM,160.000 TL
