Model,Yil,Kilometre,Fiyat,Marka
Hyundai i10 1.2 D-CVVT Elite,2016,63000,980000.0,Hyundai
Nissan Micra 1.2 Mood,2006,175000,499900.0,Nissan
Renault Megane 1.3 TCe Icon,2024,80000,1600000.0,Renault
Renault Clio 1.0 TCe Touch,2023,152000,1065000.0,Renault
Peugeot 208 1.2 PureTech Access,2015,79000,730000.0,Peugeot
Renault Megane 1.5 Blue DCI Joy,2021,138500,1295000.0,Renault
Toyota Corolla 1.4 D-4D Comfort,2007,398800,498500.0,Toyota
Hyundai i20 1.2 D-CVVT Jump,2013,139000,535000.0,Hyundai
Citroen C3 1.6 BlueHDI Feel,2016,270000,645000.0,Citroen
Audi A6 Avant 2.5 TDI,2004,329000,495000.0,Audi
Skoda Octavia 1.5 e-Tec Premium,2023,138000,1675000.0,Skoda
Hyundai i20 1.4 CVVT Jump,2012,209000,779000.0,Hyundai
Fiat Egea 1.4 Fire Easy Plus,2023,85000,819000.0,Fiat
Audi A3 Sportback 35 TFSI Advanced,2025,6001,2850000.0,Audi
Ford Focus 1.6 Ti-VCT Trend X,2015,123000,1149000.0,Ford
Fiat Linea 1.3 Multijet Emotion Plus,2011,277000,399000.0,Fiat
Honda Civic 1.6i VTEC Eco Elegance,2013,229000,1139000.0,Honda
Volvo S60 1.6 D R-Design,2015,277000,1115000.0,Volvo
Volkswagen Passat 2.0 TDi BlueMotion Highline,2015,277000,1320000.0,Volkswagen
Mercedes - Benz C 180 AMG,2014,215000,2025000.0,Mercedes
Mazda 626 2.0,1993,310000,359000.0,Mazda
BMW 3 Serisi 320i ED M Plus,2014,221000,1395000.0,BMW
Ford Focus 1.5 Ti-VCT Titanium,2023,51000,1627500.0,Ford
Mercedes - Benz A 180 AMG Sport,2013,80000,1560000.0,Mercedes
Mercedes - Benz E 280 Elegance,1998,262000,649999.0,Mercedes
Renault Megane 1.5 dCi Icon,2017,145000,1449000.0,Renault
Renault Megane 1.5 dCi Joy,2016,150000,1179000.0,Renault
Ford Focus 1.6 TDCi Trend X,2017,290000,885000.0,Ford
Renault Clio 1.5 dCi Touch,2015,129500,1029000.0,Renault
BMW 3 Serisi 320i ED M Plus,2014,184000,1670000.0,BMW
Mercedes - Benz A 160 Elegance,2001,91000,635000.0,Mercedes
Renault Megane 1.3 TCe Touch,2025,30000,1700000.0,Renault
Renault Clio 1.3 TCe Icon,2020,140000,1015000.0,Renault
Volvo V40 Cross Country 1.5 T3 Advance,2017,83000,1395000.0,Volvo
Suzuki Swift 1.2 Hibrit Pulse,2024,10500,1345000.0,Suzuki
Renault Fluence 1.5 dCi Touch,2013,204000,630000.0,Renault
Renault Fluence 1.5 dCi Touch Plus,2016,210000,820000.0,Renault
Renault Fluence 1.5 dCi Touch,2013,204000,630000.0,Renault
Toyota Corolla 1.6 Linea Terra,2003,228000,605000.0,Toyota
Ford Focus 1.6 TDCi Collection,2011,248000,599999.0,Ford
Mercedes - Benz E 250 EditionE,2015,249500,2399000.0,Mercedes
Honda Civic 1.6i VTEC ES,2004,300000,650000.0,Honda
Renault Megane 1.5 dCi Joy,2016,124000,1155000.0,Renault
Fiat Linea 1.3 Multijet Pop,2015,245000,389000.0,Fiat
Honda Civic 1.6 Elegance,2009,210000,713000.0,Honda
Citroen C-Elysée 1.5 BlueHDI Feel,2020,166000,788000.0,Citroen
Opel Corsa 1.4 Enjoy,2015,175000,665000.0,Opel
Opel Astra 1.6 Enjoy,2005,248000,299000.0,Opel
Opel Astra 1.4 T Cosmo,2011,224000,730000.0,Opel
Ford Focus 1.5 EcoBlue Trend X,2023,117000,1390000.0,Ford
Volkswagen Jetta 1.6 Primeline,2007,375000,560000.0,Volkswagen
Renault Clio 1.4 Authentique,2007,133000,459000.0,Renault
Skoda Fabia 1.4 TDI Classic,2008,329000,350000.0,Skoda
Chevrolet Cruze 1.6,2010,170000,485000.0,Chevrolet
Lancia Delta 1.6 MJet,2012,249500,615000.0,Lancia
Renault Megane 1.5 dCi Touch,2018,304000,839000.0,Renault
Opel Insignia 1.6 CDTI Grand Sport Excellence,2017,128000,1400000.0,Opel
Fiat Egea 1.6 Multijet Comfort,2017,187000,815000.0,Fiat
Volkswagen Passat 1.6 TDi BlueMotion Impression,2020,123000,1862000.0,Volkswagen
Citroen C3 1.2 PureTech Feel Bold,2024,49000,909900.0,Citroen
Honda Civic 1.6i VTEC Elegance,2019,150000,1380000.0,Honda
Mercedes - Benz B 180 BlueEFFICIENCY Elite,2013,147000,1349000.0,Mercedes
Renault Clio 0.9 TCe Touch,2020,119500,755000.0,Renault
Opel Astra 1.6 CDTI Excellence,2016,205000,770000.0,Opel
Volkswagen Passat 1.5 TSi Business,2022,86500,1980000.0,Volkswagen
Opel Astra 1.6 Enjoy 111.Yıl,2012,134000,745000.0,Opel
Fiat Egea 1.4 Fire Urban Plus,2020,83000,900000.0,Fiat
BMW 3 Serisi 318i Edition M Sport,2017,130000,1829000.0,BMW
Skoda SuperB 1.5 TSI Prestige,2021,94000,2299750.0,Skoda
Ford Fiesta 1.4 TDCi Comfort,2004,387000,367000.0,Ford
Opel Insignia 2.0 CDTI Edition,2011,260000,639000.0,Opel
Renault Megane 1.5 dCi Touch,2018,214000,1099000.0,Renault
Renault Clio 1.0 TCe Touch,2023,36500,1310000.0,Renault
Volkswagen Polo 1.0 TSi Life,2024,77000,1445000.0,Volkswagen
Volkswagen Passat 1.6 TDi BlueMotion Comfortline,2015,186000,1650000.0,Volkswagen
BMW 3 Serisi 320d M Sport,2012,296523,1190000.0,BMW
Toyota Corolla 1.6 Premium,2014,88000,1300000.0,Toyota
Chevrolet Cruze 1.6 LS,2010,163000,599750.0,Chevrolet
Skoda Octavia 1.0 e-Tec Elite,2021,145000,1425000.0,Skoda
Hyundai i20 1.0 T-GDI Jump,2026,17500,1385000.0,Hyundai
Hyundai Accent 1.3 LS,1998,202000,229000.0,Hyundai
Renault Fluence 1.5 dCi Joy,2013,263000,597000.0,Renault
Volkswagen Jetta 1.6 TDi Comfortline,2011,370000,700000.0,Volkswagen
Mercedes - Benz C 180 BlueEFFICIENCY AMG,2013,169000,1799000.0,Mercedes
Skoda Octavia 1.2 TSI Ambition,2017,97000,969000.0,Skoda
Opel Corsa 1.4 Twinport Enjoy 111,2011,235000,715000.0,Opel
Citroen C3 1.4 X Furio,2007,166000,415000.0,Citroen
Honda Civic 1.5 i-VTEC Eco Elegance,2022,79000,1895000.0,Honda
Renault Clio 1.5 dCi Extreme Edition,2012,239000,385000.0,Renault
Renault Megane 1.5 Blue DCI Touch,2020,84000,1487000.0,Renault
BMW 3 Serisi 320i Sport Line,2022,115000,2750000.0,BMW
Fiat Egea 1.4 Fire Lounge,2024,56000,1070000.0,Fiat
Skoda Octavia 1.6 Elegance,2003,389000,387000.0,Skoda
Honda Jazz 1.4 Elite,2007,209500,645000.0,Honda
Renault Clio 1.0 TCe Icon,2021,141000,1165000.0,Renault
Volkswagen Polo 1.4 Comfortline,2013,70000,945000.0,Volkswagen
Seat Leon 1.4 TSI Style,2011,120000,790000.0,Seat
Peugeot 301 1.6 BlueHDI Active,2018,162000,840000.0,Peugeot
Volkswagen Passat 1.4 TSi BlueMotion Highline,2014,182000,1425000.0,Volkswagen
Renault Clio 1.5 dCi Touch,2015,217000,565000.0,Renault
Seat Toledo 1.6 Signo,2001,304000,435000.0,Seat
Fiat Linea 1.6 Multijet Lounge,2012,209000,630000.0,Fiat
Ford Focus 1.6 TDCi Titanium,2015,240000,890000.0,Ford
Cupra Leon 1.5 eTSI Standart,2024,76000,1999000.0,Cupra
Skoda Octavia 1.5 e-Tec Premium,2024,64000,1970000.0,Skoda
Volkswagen Polo 1.4 Comfortline,2000,230000,335000.0,Volkswagen
Volkswagen Golf 1.6 TDi Comfortline,2016,165000,1350000.0,Volkswagen
Volkswagen Jetta 1.4 TSi BlueMotion Highline,2017,88000,1599000.0,Volkswagen
Ford Fiesta 1.4 TDCi Comfort,2006,337000,287500.0,Ford
Fiat Egea 1.3 Multijet Easy,2023,122000,870000.0,Fiat
Toyota Corolla 1.33 Life,2017,89900,1119000.0,Toyota
Chevrolet Aveo 1.4 LT,2012,174000,725000.0,Chevrolet
Volkswagen Passat 1.6 TDi BlueMotion Comfortline,2016,172000,1685000.0,Volkswagen
Opel Corsa 1.2 Twinport Essentia,2011,157000,629000.0,Opel
Fiat Egea 1.3 Multijet Urban,2016,79800,910000.0,Fiat
Renault Fluence 1.6 Extreme,2011,119000,740000.0,Renault
Skoda Octavia 1.4 TSI Sport,2018,214000,1299000.0,Skoda
Honda Civic 1.5 i-VTEC Executive Plus,2022,93500,1965000.0,Honda
Renault Clio 1.5 dCi Expression,2008,210000,550000.0,Renault
Skoda Octavia 1.6 TDI Elegance CR,2013,255000,1025000.0,Skoda
Mercedes - Benz 280 SE,1984,156000,450000.0,Mercedes
Opel Corsa 1.2 Twinport Essentia,2012,340000,395000.0,Opel
Opel Corsa 1.2 T Ultimate,2023,31152,1379000.0,Opel
Fiat Egea 1.4 Fire Urban Plus,2020,126500,775000.0,Fiat
Hyundai Accent Blue 1.6 CRDI Biz,2014,250000,749000.0,Hyundai
Peugeot 308 1.6 HDi Millesim,2010,230000,600000.0,Peugeot
Hyundai i20 Active 1.4 MPi Elite,2017,85000,1145000.0,Hyundai
Renault Clio 1.0 TCe Icon,2023,110000,1190000.0,Renault
Renault Megane 1.5 dCi Touch,2017,133000,1100000.0,Renault
Citroen e-C4 Max,2025,12000,1675000.0,Citroen
Fiat Egea 1.6 Multijet Easy,2018,170000,819850.0,Fiat
Fiat Egea 1.4 Fire Easy Plus,2023,70600,895000.0,Fiat
Skoda Octavia 1.0 e-Tec Premium,2023,81000,1300000.0,Skoda
Volkswagen Passat 2.0 TDi Comfortline,2006,345000,499000.0,Volkswagen
Hyundai Getz 1.4 DOHC HY KLM,2009,154000,595000.0,Hyundai
Ford Focus 1.6 TDCi Trend,2005,390000,365000.0,Ford
Fiat Egea 1.4 Fire Urban,2021,115000,870000.0,Fiat
Fiat Linea 1.3 Multijet Active Plus,2011,340000,364999.0,Fiat
Renault Talisman 1.6 dCi Icon,2016,141000,1400000.0,Renault
Fiat Albea Sole 1.4 Fire Active,2008,230000,350000.0,Fiat
Fiat Egea 1.3 Multijet Easy,2017,260000,642500.0,Fiat
Renault Megane 1.5 dCi Touch,2017,189000,1162500.0,Renault
Hyundai i10 1.2 D-CVVT Elite,2015,31000,979000.0,Hyundai
Skoda SuperB 1.6 TDI Prestige,2016,206000,1325000.0,Skoda
Honda Civic 1.6i VTEC Eco Elegance,2015,100000,1170000.0,Honda
Volkswagen Passat 1.5 TSi R Line,2023,63000,1979900.0,Volkswagen
Volkswagen Jetta 1.6 TDi Comfortline,2013,214250,869000.0,Volkswagen
Toyota Corolla 1.6 Dream,2020,83279,1475950.0,Toyota
Volkswagen Golf 1.6 FSi Goal,2007,232000,610000.0,Volkswagen
Volkswagen Passat 1.6 TDi BlueMotion Comfortline,2018,148000,1899900.0,Volkswagen
Toyota Corolla 1.6 Touch,2016,195850,1185000.0,Toyota
Skoda Octavia 1.6 TDI Optimal,2016,235658,999950.0,Skoda
Volkswagen Polo 1.0 Impression,2024,46000,1069900.0,Volkswagen
Renault Megane 1.5 Blue DCI Touch,2020,176000,1145000.0,Renault
Renault Megane 1.5 dCi Icon,2016,200000,1190000.0,Renault
Renault Clio 1.0 TCe Evolution,2024,45000,1325000.0,Renault
Kia Picanto 1.1 EX,2006,286000,335000.0,Kia
Hyundai Getz 1.4 DOHC AB AC,2007,145000,675000.0,Hyundai
Fiat Egea 1.4 Fire Urban,2017,140000,785000.0,Fiat
Honda Civic 1.6i VTEC Elegance,2007,355600,769000.0,Honda
Renault Megane 1.6 Dynamique,2006,306000,370000.0,Renault
Citroen e-C4 X Max,2025,25000,1799000.0,Citroen
Kia Ceed 1.6 CRDi Premium,2013,135000,1250000.0,Kia
Peugeot 206+ 1.4 HDi Comfort,2011,343000,325000.0,Peugeot
Volkswagen Golf 1.0 eTSI Life,2021,131000,1645000.0,Volkswagen
Volkswagen Polo 1.4 TDi Trendline,2003,258600,275000.0,Volkswagen
Fiat 500 Ailesi 500L 1.3 Mjet Bi-Color,2013,173000,759000.0,Fiat
BMW 5 Serisi 520i M Sport,2017,169000,2740000.0,BMW
Opel Corsa 1.2 Silverline,2006,190000,415000.0,Opel
Peugeot 308 1.5 BlueHDI Style,2019,110000,1215000.0,Peugeot
Toyota Corolla 1.4 D-4D Advance,2015,168000,1090000.0,Toyota
Peugeot 301 1.6 HDi Active,2016,141000,695000.0,Peugeot
Fiat Egea 1.6 Multijet Easy,2021,99000,885000.0,Fiat
BMW 3 Serisi 320i ED Standart,2014,131000,1435000.0,BMW
Kia Cerato 1.6 CRDi Concept Plus,2017,187000,919000.0,Kia
Citroen C-Elysée 1.5 BlueHDI Feel,2021,131000,865000.0,Citroen
Skoda SuperB 1.5 TSI Prestige,2021,115000,2025000.0,Skoda
Renault Fluence 1.5 dCi Touch Plus,2013,238000,775000.0,Renault
Volkswagen Jetta 1.6 FSi Comfortline,2007,210000,685000.0,Volkswagen
Volkswagen Jetta 1.4 TSi Highline,2012,178250,960000.0,Volkswagen
Renault Clio 1.5 dCi SportTourer Joy,2013,167000,730000.0,Renault
Peugeot 301 1.6 HDi Active,2017,233000,625000.0,Peugeot
Renault Symbol 1.5 dCi Joy,2016,284000,570000.0,Renault
Mini Cooper S 1.6 Cabrio,2009,216000,760000.0,Mini
Seat Leon 1.4 TSI Style,2013,210000,865000.0,Seat
Hyundai i20 1.4 CRDi Jump,2013,123000,735000.0,Hyundai
BMW 3 Serisi 330i M Sport,2003,312000,895000.0,BMW
BMW 5 Serisi 520i Comfort Plus,2018,180000,2450000.0,BMW
Volkswagen Jetta 1.6 TDi Comfortline,2014,234000,715000.0,Volkswagen
Peugeot 301 1.6 HDi Active,2017,200000,705000.0,Peugeot
Peugeot 207 1.4 HDi Trendy,2008,279000,410000.0,Peugeot
Honda Civic 1.5 i-VTEC Elegance,2020,145000,1575000.0,Honda
BMW 3 Serisi 320i ED M Plus,2014,214000,1447500.0,BMW
Opel Astra 1.3 CDTI Sport,2013,279000,645000.0,Opel
BMW 3 Serisi 320d xDrive Modern Line,2013,189000,1590000.0,BMW
Renault Clio 1.0 SCe Joy,2021,110000,830000.0,Renault
Volkswagen Bora 1.6 Comfortline,2001,105000,655000.0,Volkswagen
Renault Symbol 1.5 dCi Joy,2018,192500,735000.0,Renault
Renault Clio 1.5 dCi Joy,2018,130000,885000.0,Renault
Volkswagen Scirocco 1.4 TSi Sportline,2014,162000,1215000.0,Volkswagen
Citroen C-Elysée 1.6 HDi Attraction,2014,211500,629000.0,Citroen
Audi A6 Sedan 2.0 TDI Quattro,2016,345000,2175000.0,Audi
Toyota Corolla 1.4 D-4D Touch,2018,116000,1250000.0,Toyota
Volkswagen Passat 1.6 TDi BlueMotion Comfortline,2014,204000,1565000.0,Volkswagen
Hyundai i20 1.4 MPI Style Plus,2021,71000,1280000.0,Hyundai
Seat Leon 1.9 TDI Cupra,2008,273000,700000.0,Seat
Seat Leon 1.4 TSI FR,2014,215000,1225000.0,Seat
BMW 3 Serisi 320i ED 40th Year Edition,2015,209000,1675000.0,BMW
Toyota Corolla 1.5 Vision Plus,2023,45000,1495000.0,Toyota
Hyundai i30 1.6 CRDi Style Plus,2009,256000,719000.0,Hyundai
Seat Leon 1.2 TSI Style,2018,159000,1229000.0,Seat
Volkswagen Polo 1.4 TDi Trendline,2005,245000,415000.0,Volkswagen
Toyota Yaris 1.5 Fun Special,2017,98800,1147000.0,Toyota
Toyota Corolla 1.4 D-4D Premium,2016,220000,775000.0,Toyota
Opel Astra 1.6 Edition Plus,2017,128000,875000.0,Opel
Peugeot 301 1.6 HDi Active,2015,204000,530000.0,Peugeot
Fiat Egea 1.3 Multijet Easy,2023,51000,999000.0,Fiat
Dacia Sandero 1.0 TCe Extreme,2024,22000,1289000.0,Dacia
Renault Clio 1.0 TCe Touch,2020,75000,968000.0,Renault
Opel Astra 1.6 Elegance,2003,368000,520000.0,Opel
Toyota Corolla 1.6 Comfort,2009,170000,740000.0,Toyota
Opel Astra 1.3 CDTI Essentia,2011,185000,625000.0,Opel
Dacia Sandero 1.4 Ambiance,2011,202000,399999.0,Dacia
Fiat Egea 1.4 Fire Easy,2021,159000,730000.0,Fiat
Volkswagen Golf 1.6 FSi Comfortline,2006,123000,745000.0,Volkswagen
Toyota Auris 1.4 D-4D Elegant,2007,245000,720000.0,Toyota
Renault Megane 1.5 dCi Touch,2017,191300,1075000.0,Renault
Renault Clio 1.0 TCe Evolution,2025,40000,1299000.0,Renault
Renault Fluence 1.6 Business,2011,218000,679750.0,Renault
Volkswagen Passat 1.5 TSi Impression,2022,57000,1965000.0,Volkswagen
Renault Fluence 1.5 dCi Touch,2014,352000,580000.0,Renault
Renault Clio 1.0 TCe Joy,2023,17500,1275000.0,Renault
Tofaş Doğan SLX ie,2001,100000,295000.0,Tofaş
Renault Clio 1.4 Alize,2004,180000,407500.0,Renault
Honda Civic 1.6i VTEC Eco Elegance,2019,48000,1687000.0,Honda
Honda Civic 1.6i VTEC Eco Elegance,2016,172000,1339000.0,Honda
Fiat Egea 1.3 Multijet Easy,2023,84000,999000.0,Fiat
Fiat Egea 1.3 Multijet Easy,2023,52500,1019000.0,Fiat
Fiat Egea 1.3 Multijet Easy,2023,167000,890000.0,Fiat
Fiat Egea 1.3 Multijet Easy,2022,123000,910000.0,Fiat
Fiat Egea 1.3 Multijet Easy,2020,138000,835000.0,Fiat
Fiat Egea 1.3 Multijet Easy,2022,173000,795000.0,Fiat
Fiat Egea 1.3 Multijet Easy,2020,158000,749000.0,Fiat
Dacia Sandero 1.0 TCe Prestige,2021,42000,1195000.0,Dacia
Fiat Egea 1.4 Fire Easy Plus,2024,52000,975000.0,Fiat
Fiat Egea 1.4 Fire Easy,2024,40000,909000.0,Fiat
Dacia Lodgy 1.5 BlueDCI Laureate,2019,166000,969750.0,Dacia
Cupra Leon 1.5 eTSI Standart,2023,27000,2150000.0,Cupra
Fiat Egea 1.6 Multijet Easy,2025,33000,1260000.0,Fiat
Citroen e-C3 Plus,2025,7900,1415000.0,Citroen
BMW 3 Serisi 320i ED 40th Year Edition,2016,228000,1635000.0,BMW
Renault Clio 1.5 dCi Touch,2015,188000,745000.0,Renault
Opel Astra 1.4 T Edition Plus,2020,54000,1265000.0,Opel
Honda Civic 1.6i VTEC ES,2002,248000,535000.0,Honda
Volvo S60 1.5 T3 Advance,2016,108000,1499900.0,Volvo
Ford Focus 1.5 EcoBlue Titanium Stil,2024,43170,1795000.0,Ford
Volkswagen Passat 1.4 TSi BlueMotion Comfortline,2015,179265,1550000.0,Volkswagen
Skoda Octavia 1.5 e-Tec Premium,2023,99800,1717000.0,Skoda
Volkswagen Passat 1.4 TSi BlueMotion Comfortline,2012,195000,1150000.0,Volkswagen
Audi A4 Sedan 2.0 TDI,2013,255000,1100000.0,Audi
Volkswagen Passat 1.6 TDi BlueMotion Business,2019,66000,2179000.0,Volkswagen
Renault Megane 1.5 dCi Authentique,2008,265000,450000.0,Renault
Mercedes - Benz A 180 CDI BlueEfficiency AMG Sport,2014,225000,1125000.0,Mercedes
Opel Astra 1.6 Edition,2015,110000,799000.0,Opel
Volkswagen Passat 1.6 TDi BlueMotion Impression,2017,238500,1180000.0,Volkswagen
Kia Rio 1.4 CVVT Fancy,2012,218000,820000.0,Kia
Audi A3 Sedan 1.6 TDI Ambition,2014,290000,1225000.0,Audi
Toyota Corolla 1.4 Linea Terra,2002,229500,489750.0,Toyota
Volvo S60 1.5 T3 Advance,2018,109000,1625000.0,Volvo
Volkswagen Polo 1.4 Comfortline,2010,170000,925000.0,Volkswagen
BMW 3 Serisi 320i ED M Plus,2015,243000,1395000.0,BMW
Fiat Egea 1.4 Fire Easy,2019,163000,675000.0,Fiat
Volkswagen Golf 1.0 TSi Midline Plus,2017,198000,1040000.0,Volkswagen
Opel Insignia 1.6 CDTI Edition Elegance,2016,153000,1100000.0,Opel
BMW 5 Serisi 520i Comfort,2015,197000,1579000.0,BMW
Mercedes - Benz A 200 AMG,2023,83500,2820000.0,Mercedes
Seat Leon 1.5 EcoTSI FR,2020,89000,1345000.0,Seat
Renault Megane 1.2 TCe Icon,2017,89000,1299000.0,Renault
Renault Symbol 1.5 dCi Joy,2013,200000,509000.0,Renault
Renault Clio 1.5 dCi Grandtour Extreme,2012,325000,465000.0,Renault
Renault Clio 1.0 TCe Joy,2021,96000,1055000.0,Renault
Fiat Egea 1.6 Multijet Easy,2024,67000,1229000.0,Fiat
Renault Clio 1.2 Joy,2014,73000,749000.0,Renault
Volkswagen Passat 1.6 TDi BlueMotion Comfortline,2013,191000,1170000.0,Volkswagen
Renault Clio 1.2 Joy,2015,101000,760000.0,Renault
Volkswagen Jetta 1.2 TSi BlueMotion Comfortline,2016,111000,1350000.0,Volkswagen
Renault Megane 1.5 dCi Touch,2019,272000,1065000.0,Renault
Volvo S40 1.6 D,2007,230000,618500.0,Volvo
Fiat 500 Ailesi 500L 1.3 Mjet PopStar,2015,163000,790000.0,Fiat
Renault Fluence 1.5 dCi Extreme,2012,234000,689000.0,Renault
Volvo S60 1.6 D Premium,2014,268000,879000.0,Volvo
Volkswagen Polo 1.0 TSi Comfortline,2017,109000,1200000.0,Volkswagen
Mercedes - Benz E 250 D Standart,1985,288000,385000.0,Mercedes
Volkswagen Passat 1.4 TSi BlueMotion Comfortline,2018,100000,1750000.0,Volkswagen
Opel Astra 1.3 CDTI Enjoy,2009,117000,690000.0,Opel
Ford Focus 1.6 TDCi Titanium,2013,245500,625000.0,Ford
Skoda Felicia 1.3 LX,2001,210000,213750.0,Skoda
Volkswagen Passat 1.6 TDi BlueMotion Comfortline,2015,107000,1739900.0,Volkswagen
Renault Megane 1.6 Joy,2018,119000,1075000.0,Renault
Renault Clio 1.0 TCe Techno Esprit Alpine,2024,53000,1385000.0,Renault
Honda Civic 1.5 i-VTEC Eco Elegance,2021,98000,1800000.0,Honda
Audi A3 Sedan 1.6 TDI Attraction,2015,189000,1340000.0,Audi
Opel Astra 1.6 CD,2000,266000,430000.0,Opel
Hyundai i20 1.4 CRDi Jump,2015,221000,690000.0,Hyundai
Renault Clio 1.0 SCe Joy,2022,190000,720000.0,Renault
Mercedes - Benz A 180 Style,2020,75000,2075000.0,Mercedes
Renault Megane 1.6 RTE,2000,215000,465000.0,Renault
Dacia Sandero 1.5 dCi Stepway,2017,115000,955000.0,Dacia
Renault Clio 1.5 dCi SportTourer Joy,2018,201500,735000.0,Renault
Ford Fiesta 1.4 TDCi Collection,2008,205000,435000.0,Ford
Fiat Egea 1.4 Fire Easy Stil,2020,129000,835000.0,Fiat
Fiat Egea 1.6 Multijet Easy,2022,92000,1050000.0,Fiat
Renault Clio 1.5 dCi SportTourer Joy,2019,188300,850000.0,Renault
Volvo S60 1.6 T4 Premium,2012,151000,1155000.0,Volvo
Opel Vectra 1.6 Design Edition,2005,285000,439000.0,Opel
Hyundai Accent Era 1.4 Team,2010,134000,745000.0,Hyundai
Fiat Egea 1.6 Multijet Easy,2020,185000,879000.0,Fiat
Opel Astra 1.3 CDTI Cosmo,2008,370000,310000.0,Opel
Renault Megane 1.3 TCe Joy,2021,81000,1240000.0,Renault
Volkswagen Polo 1.4 Basicline,2004,197000,449000.0,Volkswagen
Ford Fiesta 1.5 TDCi Trend,2016,68000,847500.0,Ford
Volkswagen Golf 1.6 Comfortline,2001,330000,425000.0,Volkswagen
Audi A6 Sedan 2.0 TDI,2012,238000,1550000.0,Audi
Mercedes - Benz E 220 D Avantgarde,2016,257000,2695000.0,Mercedes
Hyundai i20 1.4 MPI Style,2023,83000,1349500.0,Hyundai
Skoda Rapid 1.4 TDI Style,2017,249000,895000.0,Skoda
Hyundai i20 1.4 MPI Jump,2024,72000,1215000.0,Hyundai
Hyundai Elantra 1.6 D-CVVT Style,2017,75000,1295000.0,Hyundai
Fiat Egea 1.4 Fire Urban,2023,47000,969999.0,Fiat
Fiat Egea 1.3 Multijet Easy Plus,2023,113000,970000.0,Fiat
BMW 5 Serisi 520i Executive Plus,2016,242000,1765000.0,BMW
Audi A3 Sportback 35 TFSI Advanced,2021,147000,2165000.0,Audi
Nissan Micra 1.2 Match,2016,128000,755000.0,Nissan
Fiat 500 Ailesi 500L 1.3 Mjet Panoramic Edition,2013,169000,877000.0,Fiat
Skoda Scala 1.0 TSI Elite,2022,139000,1275000.0,Skoda
Renault Fluence 1.5 dCi Touch,2014,275000,685000.0,Renault
Hyundai i20 1.2 MPI Jump,2016,317000,585000.0,Hyundai
Fiat Punto Grande 1.4 Fire Active,2009,185000,470000.0,Fiat
Tofaş Doğan SLX ie,1999,213000,251500.0,Tofaş
Audi A3 Sportback 1.6 TDI Attraction,2013,181000,1120000.0,Audi
Renault Megane 1.6 RTE,1998,292000,249000.0,Renault
Renault Clio 1.5 dCi SportTourer Joy,2013,229000,660000.0,Renault
Renault Clio 1.0 TCe Touch,2021,77000,1189000.0,Renault
Renault Clio 1.0 TCe Touch,2020,130000,1130000.0,Renault
Ford C-Max 1.6 TDCi Titanium,2010,187500,665000.0,Ford
Volkswagen Passat 1.6 TDi BlueMotion Comfortline,2014,349000,865000.0,Volkswagen
Toyota Auris 1.33 Comfort,2012,141000,745000.0,Toyota
Mercedes - Benz C 180 Exclusive,2015,182000,1965000.0,Mercedes
Dacia Logan 1.4 Ambiance,2005,172000,425000.0,Dacia
Peugeot 206 1.4 Comfort,2009,258000,300000.0,Peugeot
BMW 3 Serisi 320d Standart,2012,203000,990000.0,BMW
Mercedes - Benz A 180 CDI BlueEfficiency AMG,2016,137400,1660000.0,Mercedes
Mercedes - Benz C 180 Style,2016,217000,1399000.0,Mercedes
Renault Clio 1.5 dCi Icon,2017,115000,1070000.0,Renault
Audi A3 Sportback 1.6 TDI Attraction,2012,256000,1200000.0,Audi
Hyundai i20 1.2 D-CVVT Sense,2013,156000,639000.0,Hyundai
Ford Fiesta 1.4 TDCi Trend,2010,250000,485000.0,Ford
Volkswagen Golf 1.6 Comfortline,1997,56000,290000.0,Volkswagen
BMW 3 Serisi 318i Standart,1994,375000,275000.0,BMW
Honda Civic 1.6 Si,1994,370000,275000.0,Honda
Toyota Corolla 1.5 Flame X-Pack,2021,57000,1575000.0,Toyota
Hyundai i20 1.4 MPI Elite,2021,100000,1364750.0,Hyundai
Hyundai Accent Blue 1.4 CVVT Prime,2012,124000,869500.0,Hyundai
Renault Fluence 1.6 Dynamique,2011,128000,710000.0,Renault
Hyundai i20 1.4 CRDi Style,2015,162500,855000.0,Hyundai
Opel Corsa 1.4 GLS,1998,191000,345000.0,Opel
Renault Talisman 1.6 dCi Icon,2016,111000,1549900.0,Renault
Ford Focus 1.5 TDCi Titanium,2016,148000,1310000.0,Ford
Dacia Sandero 1.5 dCi Stepway,2014,194942,735000.0,Dacia
Ford Focus 1.5 TDCi Titanium,2017,280500,1089000.0,Ford
Ford Fiesta 1.4 TDCi Comfort,2004,265000,449000.0,Ford
Opel Astra 1.6 Essentia,2013,204285,590000.0,Opel
Fiat Albea Sole 1.3 Multijet Active,2007,280000,370000.0,Fiat
Audi A6 Sedan 2.0 TDI,2015,252000,1850000.0,Audi
Hyundai i20 1.0 T-GDI Style,2024,39000,1325000.0,Hyundai
Ford Focus 1.5 EcoBlue Trend X,2023,111751,1430000.0,Ford
Audi A3 Sportback 1.6 TDI Ambition,2012,176000,1099000.0,Audi
Dacia Logan 1.6 MCV Ambiance,2016,360000,375000.0,Dacia
Seat Ibiza 1.0 Style,2017,114000,875000.0,Seat
Opel Corsa 1.2 Twinport Active,2014,200000,495000.0,Opel
Opel Astra 1.4 T Edition Plus,2020,50000,1135000.0,Opel
Honda Civic 1.6i VTEC Eco Executive,2019,120000,1429950.0,Honda
Ford Fiesta 1.4 TDCi Trend,2011,256400,550000.0,Ford
Dacia Logan 1.4 Ambiance,2009,208000,395000.0,Dacia
BMW 3 Serisi 320d Premium,2010,189900,1190000.0,BMW
Audi A5 Sportback 2.0 TDI Quattro Sport,2018,250000,2475000.0,Audi
Volkswagen Polo 1.2 TSi Comfortline,2014,170000,859000.0,Volkswagen
Volkswagen Golf 1.5 TSi Impression,2024,29600,1625000.0,Volkswagen
Mercedes - Benz A 200 AMG,2021,86000,2500000.0,Mercedes
Citroen C5 1.6 HDi SX,2008,325000,475000.0,Citroen
Fiat Egea 1.3 Multijet Easy Plus,2023,102000,905000.0,Fiat
Peugeot 301 1.5 BlueHDI Allure,2020,255000,690000.0,Peugeot
Toyota Corolla 1.8 Hybrid Flame,2020,196000,1255500.0,Toyota
Hyundai i20 1.0 T-GDI Jump,2025,25000,1145000.0,Hyundai
Mercedes - Benz A 180 CDI BlueEfficiency Urban,2013,247000,1095000.0,Mercedes
Kia Picanto 1.1 Hiper,2011,97000,619000.0,Kia
Dacia Sandero 1.5 dCi Stepway,2011,115000,719000.0,Dacia
Opel Corsa 1.2 Twinport Essentia,2005,274000,385000.0,Opel
BMW 3 Serisi 320i ED M Plus,2014,262000,1315000.0,BMW
Fiat Egea 1.3 Multijet Easy,2023,120720,885000.0,Fiat
Chevrolet Aveo 1.3 D LTZ,2012,390000,400000.0,Chevrolet
Toyota Corolla 1.5 Flame X-Pack,2023,90000,1629900.0,Toyota
Opel Corsa 1.2 Innovation,2020,65000,839000.0,Opel
BMW 5 Serisi 520d Premium,2012,305000,1490000.0,BMW
Fiat Palio 1.2 EL Speedgear,2003,282000,395000.0,Fiat
Renault Taliant 1.0 T Joy,2021,160000,840000.0,Renault
Citroen AMİ Pop,2024,11350,455000.0,Citroen
Audi A3 Sedan 1.6 TDI Sport Line,2018,112000,1880000.0,Audi
Volkswagen Golf 1.6 TDi Comfortline,2012,216600,939500.0,Volkswagen
Skoda Octavia 1.0 e-Tec Elite,2024,69000,1675000.0,Skoda
Renault Megane 1.5 dCi Dynamique,2012,194000,728000.0,Renault
Citroen C-Elysée 1.6 HDi Exclusive,2016,156800,660000.0,Citroen
Dacia Sandero 1.5 dCi Stepway,2017,106000,975000.0,Dacia
Audi A3 Sportback 1.6 TDI Attraction,2016,163000,1285000.0,Audi
Dacia Sandero 1.5 dCi Stepway,2017,132000,950000.0,Dacia
Opel Corsa 1.0 Color Edition,2015,130000,755750.0,Opel
Peugeot 301 1.6 HDi Allure,2017,176000,795000.0,Peugeot
Chevrolet Cruze 1.6 LS,2011,224000,498500.0,Chevrolet
BMW 3 Serisi 316i Standart,2007,70658,1125000.0,BMW
Renault Megane 1.5 Blue DCI Touch,2021,89500,1055000.0,Renault
BMW 3 Serisi 320i,2000,387000,395000.0,BMW
Fiat Linea 1.3 Multijet Urban,2012,271000,540000.0,Fiat
Renault Megane 1.5 Blue DCI Touch,2020,141000,1275000.0,Renault
Toyota Corolla 1.4 D-4D Touch,2015,136000,1250000.0,Toyota
Renault Megane 1.5 dCi Dynamique,2005,265000,369000.0,Renault
Renault Clio 1.0 TCe Touch,2021,178000,968000.0,Renault
Ford Focus 1.6 Ghia,2000,328000,410000.0,Ford
Fiat Egea 1.3 Multijet Easy,2020,154000,715000.0,Fiat
Audi A3 Sportback 1.0 TFSI Dynamic,2018,152000,1490000.0,Audi
Opel Insignia 1.5 d Edition,2021,137000,1325000.0,Opel
Fiat Linea 1.3 Multijet Active Plus,2015,281000,555000.0,Fiat
Fiat 500 Ailesi 500L 1.3 Mjet RockStar,2016,183000,895000.0,Fiat
Renault Clio 1.0 TCe Joy,2023,53000,1015000.0,Renault
Fiat Egea 1.3 Multijet Easy,2017,50000,890900.0,Fiat
Renault Taliant 1.0 T Joy,2022,66000,1060000.0,Renault
Renault Taliant 1.0 T Joy,2022,145000,859000.0,Renault
Volvo S80 2.0 D Premium,2012,340000,849000.0,Volvo
Renault Clio 1.0 SCe Joy,2022,56000,865000.0,Renault
Ford Focus 1.5 TDCi Trend X,2021,97000,1275000.0,Ford
Opel Corsa 1.4 Twinport Enjoy,2012,154000,565000.0,Opel
Ford Focus 1.6 Comfort,2005,255000,565000.0,Ford
Volkswagen Polo 1.2 TSi Comfortline,2015,88000,1125000.0,Volkswagen
Opel Astra 1.6 Edition Plus,2017,51700,970000.0,Opel
Audi A1 1.6 TDI Sport,2015,205000,870500.0,Audi
Fiat Albea Sole 1.3 Multijet Active,2009,390000,235000.0,Fiat
Opel Corsa 1.3 CDTI Essentia,2012,219500,556000.0,Opel
Opel Astra 1.3 CDTI Enjoy Plus,2012,219500,655000.0,Opel
Hyundai Accent Era 1.5 CRDi Team,2010,273000,480000.0,Hyundai
Hyundai i30 1.6 GDI Elite,2013,133325,950000.0,Hyundai
Volkswagen Passat 1.6 TDi BlueMotion Business,2019,175000,1875000.0,Volkswagen
Fiat Egea 1.3 Multijet Easy,2017,99000,827750.0,Fiat
Volkswagen Polo 1.4 Trendline,2006,207650,535000.0,Volkswagen
Renault Symbol 1.5 dCi Joy,2016,190000,645000.0,Renault
Volkswagen Golf 1.6 TDi Highline,2012,252000,935000.0,Volkswagen
Ford Fusion 1.4 TDCi Comfort,2005,200000,498000.0,Ford
Ford Focus 1.6 Ti-VCT Trend X,2015,137000,1185000.0,Ford
Renault Clio 1.5 dCi Icon,2016,164202,999850.0,Renault
Daihatsu Materia 1.5 Gold,2010,193000,310000.0,Daihatsu
BMW 1 Serisi 116d ED EfficientDynamics,2012,316000,745000.0,BMW
Ford Fiesta 1.4 TDCi Trend,2010,322021,479000.0,Ford
Honda Civic 1.6i VTEC Dream,2013,185000,975000.0,Honda
Opel Astra 1.6 Edition,2013,178000,849900.0,Opel
Volkswagen Golf 1.5 TSi Comfortline,2019,78000,1620000.0,Volkswagen
Volkswagen Passat 1.6 TDi BlueMotion Comfortline,2018,195000,1750000.0,Volkswagen
Ford Focus 1.6 TDCi Trend,2007,285000,415000.0,Ford
Hyundai i20 1.4 CRDi Jump,2016,210000,760000.0,Hyundai
Fiat Egea 1.4 Fire Urban,2025,8600,1350000.0,Fiat
Ford Fiesta 1.4 Titanium,2011,59000,875000.0,Ford
Mercedes - Benz C 200 Kompressor Avantgarde,2008,330000,965000.0,Mercedes
Fiat Egea 1.3 Multijet Easy,2023,87000,910000.0,Fiat
Skoda Scala 1.5 TSI Premium,2020,178000,1395000.0,Skoda
Honda Civic 1.6i VTEC ES,2004,329000,599000.0,Honda
Mercedes - Benz CLA 200 AMG,2015,161000,1595000.0,Mercedes
Renault Fluence 1.5 dCi Business,2011,215000,675000.0,Renault
Renault Scenic 1.5 dCi Privilege,2007,259500,499999.0,Renault
Renault Megane 1.5 dCi Privilege,2006,235000,599000.0,Renault
Volkswagen Passat 1.6 TDi BlueMotion Highline,2013,147000,1550000.0,Volkswagen
Peugeot 301 1.2 PureTech Active,2019,74000,715000.0,Peugeot
Renault Clio 1.0 TCe Techno Esprit Alpine,2024,24000,1390000.0,Renault
Renault Megane 1.5 Blue DCI Icon,2025,64000,1840000.0,Renault
Ford Focus 1.6 TDCi Titanium,2013,196000,845000.0,Ford
Honda Civic 1.6i VTEC Eco Premium,2012,230000,899000.0,Honda
Volkswagen Passat 1.5 TSi Elegance,2020,125000,2219000.0,Volkswagen
Skoda Octavia 1.6 TDI Ambiente,2010,395000,465000.0,Skoda
Ford Fiesta 1.6 Comfort,2006,160000,615000.0,Ford
Ford Focus 1.6 TDCi Style,2011,226000,750000.0,Ford
Fiat Linea 1.3 Multijet Urban,2012,199000,470000.0,Fiat
Fiat Egea 1.4 T-Jet Lounge Plus,2016,155000,835000.0,Fiat
Ford Fiesta 1.25 My,2013,214000,619000.0,Ford
Honda Civic 1.6i VTEC LS,2003,200500,575000.0,Honda
Renault Megane 1.5 Blue DCI Joy,2020,148500,1075000.0,Renault
Seat Ibiza 1.4 Basic,1998,248000,328500.0,Seat
Jaguar XF 2.0 D Prestige Plus,2016,162300,1765000.0,Jaguar
Renault Symbol 1.5 dCi Joy,2015,228000,638500.0,Renault
Citroen C4 1.6 HDi Confort,2012,386000,475000.0,Citroen
BMW 3 Serisi 320d M Sport,2011,330000,1085000.0,BMW
Toyota Corolla 1.4 D-4D Advance,2014,129600,1275000.0,Toyota
Fiat Linea 1.3 Multijet Urban,2015,200000,660000.0,Fiat
BMW 5 Serisi 520d M Sport,2010,375000,1325000.0,BMW
Renault Fluence 1.5 dCi Extreme Edition,2011,80000,875000.0,Renault
Fiat Egea 1.6 Multijet Comfort,2017,252000,750000.0,Fiat
Ford Focus 1.6 TDCi Trend X,2013,287300,665000.0,Ford
Renault Clio 1.2 Joy,2013,200000,650000.0,Renault
Renault Clio 1.3 TCe Icon,2020,110000,942500.0,Renault
Ford Focus 1.6 TDCi Trend X,2013,286500,690000.0,Ford
Hyundai Accent Era 1.5 CRDi-VGT Team,2006,211000,490000.0,Hyundai
BMW 3 Serisi 320i ED Sport Line,2016,73000,2089000.0,BMW
Mercedes - Benz S 300,1991,313000,690000.0,Mercedes
Renault Symbol 1.4 Expression Plus,2009,262000,472500.0,Renault
Volkswagen Polo 1.6 TDi Comfortline,2011,313000,550000.0,Volkswagen
Renault Clio 1.5 dCi Icon,2018,56000,1279000.0,Renault
Opel Astra 1.6 CD,1999,390000,265000.0,Opel
Toyota Corolla 1.6 Linea Terra,1999,333000,355000.0,Toyota
Renault Megane 1.5 Blue DCI Touch,2024,72250,1670000.0,Renault
BMW 1 Serisi 118i M Plus,2016,194000,1350000.0,BMW
Skoda SuperB 1.6 TDI Prestige,2019,155000,2125000.0,Skoda
Renault Clio 1.0 TCe Joy,2022,65000,1079000.0,Renault
Renault Symbol 1.2 Joy,2015,21700,765000.0,Renault
Audi A4 Sedan 2.0 TDI Quattro,2012,185000,1645000.0,Audi
Renault Symbol 1.5 dCi Joy,2016,375000,415000.0,Renault
Renault Megane 1.5 dCi Touch,2017,195000,1090000.0,Renault
Peugeot 301 1.6 HDi Active,2016,287000,530000.0,Peugeot
Renault Clio 1.2 Joy,2012,185000,595000.0,Renault
Audi A5 Sportback 2.0 TDI,2015,246000,1639900.0,Audi
Renault Clio 1.2 Night & Day,2011,159980,599000.0,Renault
Opel Astra 1.3 CDTI Enjoy 111.Yıl,2011,170000,720000.0,Opel
Hyundai i20 1.4 MPI Jump,2021,164000,1050000.0,Hyundai
Opel Astra 1.3 CDTI Essentia,2011,269000,595900.0,Opel
Volkswagen Passat 1.6 TDi BlueMotion Trendline,2018,210000,1375900.0,Volkswagen
Volkswagen Passat 1.6 TDi BlueMotion Highline,2018,210000,1599750.0,Volkswagen
Mercedes - Benz CLA 180 D AMG,2014,279000,500000.0,Mercedes
Opel Corsa 1.3 CDTI Essentia,2004,239000,410000.0,Opel
Volkswagen Polo 1.2 TSi Comfortline,2015,184000,950000.0,Volkswagen
Toyota Corolla 1.4 D-4D Advance,2014,217000,955000.0,Toyota
Renault Megane 1.5 Blue DCI Touch,2022,101849,1415000.0,Renault
Toyota Avensis 2.0 D-4D Elegant,2008,193000,585000.0,Toyota
Volkswagen Polo 1.2 TDi Trendline,2012,262000,445000.0,Volkswagen
Peugeot 301 1.6 HDi Active,2017,175000,758500.0,Peugeot
Hyundai Accent 1.5 CRDi Admire,2004,332000,265000.0,Hyundai
Opel Corsa 1.4 Twinport Active,2013,155000,799000.0,Opel
Toyota Auris 1.4 D-4D Active Skypack,2013,174000,1065000.0,Toyota
Renault Fluence 1.5 dCi Touch,2014,227000,769750.0,Renault
Renault Symbol 1.2 Authentique,2012,280000,468500.0,Renault
Opel Astra 1.4 T Sport,2015,109000,685000.0,Opel
Opel Astra 1.4 T Sport,2012,119000,860000.0,Opel
Renault Megane 1.6 Touch Plus,2015,158000,910000.0,Renault
Renault Fluence 1.5 dCi Icon,2015,240000,885000.0,Renault
Renault Megane 1.5 dCi Touch,2019,222000,910000.0,Renault
Renault Megane 1.5 dCi Touch,2017,146000,1285000.0,Renault
Opel Astra 1.3 CDTI Edition Plus,2015,150000,825000.0,Opel
Renault Fluence 1.5 dCi Dynamique,2012,222500,729500.0,Renault
Hyundai i20 1.0 T-GDI Jump,2026,17000,1430000.0,Hyundai
Mercedes - Benz E 180 Elite,2015,97000,2550000.0,Mercedes
Hyundai Accent Blue 1.6 CRDI Mode Plus,2018,144000,899000.0,Hyundai
Mercedes - Benz C 200 Kompressor Elegance,1998,189000,1200000.0,Mercedes
Hyundai Getz 1.4 DOHC AB AC,2008,140000,685000.0,Hyundai
Mercedes - Benz C 220 CDI AMG,2009,335000,1000000.0,Mercedes
Honda Civic 1.6i VTEC Elegance,2011,196000,1095000.0,Honda
Fiat Punto 1.2 Popstar,2015,162000,615000.0,Fiat
Dacia Sandero 1.5 dCi Stepway,2016,56000,995000.0,Dacia
Dacia Sandero 1.5 dCi Stepway,2013,188000,679000.0,Dacia
Fiat Linea 1.3 Multijet Active Plus,2013,249000,439000.0,Fiat
Fiat Albea 1.2 EL,2002,201000,345000.0,Fiat
Fiat Palio 1.2 Active,2005,159000,365000.0,Fiat
BMW 3 Serisi 320i ED 40th Year Edition,2015,120000,2229000.0,BMW
Citroen C-Elysée 1.5 BlueHDI Feel,2023,72000,950000.0,Citroen
BMW 5 Serisi 525d xDrive M Sport,2014,299000,1380000.0,BMW
Audi A4 Sedan 2.0 TDI,2008,302000,750000.0,Audi
Fiat Linea 1.3 Multijet Active Plus,2010,297000,337500.0,Fiat
Audi A4 Sedan 2.0 TDI,2014,205000,1600000.0,Audi
Hyundai i30 1.6 CRDi Blue Drive,2015,216000,950000.0,Hyundai
Toyota Yaris 1.33 Style,2016,113000,1035000.0,Toyota
Hyundai i20 1.4 CRDi Jump,2016,250000,620000.0,Hyundai
Volkswagen Golf 1.6 TDi BlueMotion Comfortline,2012,255000,635000.0,Volkswagen
Peugeot 308 1.6 VTi Comfort Pack,2010,160000,535000.0,Peugeot
BMW 3 Serisi 316i Standart,2005,269400,470000.0,BMW
Volkswagen Jetta 1.6 Tour,2009,292000,719000.0,Volkswagen
Tofaş Şahin 1.6 ie,2001,64000,255000.0,Tofaş
Opel Vectra 1.6 Comfort,2006,257000,580000.0,Opel
Kia Ceed 1.6 CRDi Concept Plus,2014,192500,1099000.0,Kia
DS Automobiles DS4 1.5 BlueHDi Performance Line,2023,36000,1895000.0,DS
Honda Civic 1.5 i-VTEC Elegance,2021,59000,1769000.0,Honda
Volkswagen Polo 1.2 TSi Comfortline,2016,128000,1069000.0,Volkswagen
Seat Leon 1.5 eTSI FR,2023,53000,1779900.0,Seat
Opel Insignia 1.6 CDTI Grand Sport Excellence,2018,96000,1639950.0,Opel
Fiat Punto Grande 1.4 Fire Active,2007,202000,479999.0,Fiat
Lancia Ypsilon 0.9,2013,202000,575000.0,Lancia
Mercedes - Benz C 200 d BlueTEC AMG,2015,258000,1625000.0,Mercedes
Volkswagen VW CC 2.0 TDi TDI,2013,290000,990000.0,Volkswagen
Kia Rio 1.4 EX Trend,2011,177000,695000.0,Kia
Renault Grand Scenic 1.5 dCi Privilege,2011,212107,665000.0,Renault
Peugeot 301 1.5 BlueHDI Active,2019,208000,650000.0,Peugeot
Renault Fluence 1.5 dCi Touch,2015,152000,899000.0,Renault
Hyundai i30 1.6 CRDi Elite Plus,2018,86000,1405000.0,Hyundai
Hyundai i20 1.4 CVVT Jump,2013,189000,863000.0,Hyundai
Ford Focus 1.5 Ti-VCT Titanium,2023,87000,1272500.0,Ford
Fiat Linea 1.3 Multijet Active Plus,2011,170000,540000.0,Fiat
Renault Symbol 1.5 dCi Joy,2016,122000,775000.0,Renault
BMW 3 Serisi 320d M Sport,2011,324000,1135000.0,BMW
Fiat Albea 1.2 EL,2004,215800,325000.0,Fiat
Renault Clio 1.2 TCe Icon,2014,85000,898000.0,Renault
Audi A3 Sportback 1.4 TFSI Ambiente,2012,185000,1050000.0,Audi
Renault Clio 1.0 TCe Icon,2023,61000,1215000.0,Renault
Volkswagen Jetta 1.6 Comfortline,2007,316000,465000.0,Volkswagen
Seat Leon 1.2 TSI Style,2016,146000,1190000.0,Seat
Audi A6 Sedan 2.0 TDI Quattro,2016,259000,2149000.0,Audi
BMW 5 Serisi 520i Executive M Sport,2015,270000,1580000.0,BMW
Opel Vectra 2.0 CD,1996,395000,220000.0,Opel
BMW 3 Serisi 318i Prestige,2017,118000,1545000.0,BMW
Opel Corsa 1.2 T Elegance,2021,94000,1088000.0,Opel
Ford Focus 1.6 TDCi Titanium,2015,247000,695000.0,Ford
Peugeot 307 1.6 XT,2003,84850,610000.0,Peugeot
Ford Fiesta 1.4 TDCi Trend,2011,165000,497500.0,Ford
Volkswagen Passat 1.6 TDi BlueMotion Trendline,2015,280000,1000000.0,Volkswagen
Toyota Yaris 1.0 Terra,2011,177000,524000.0,Toyota
Fiat Egea 1.3 Multijet Urban Plus,2020,76256,1045000.0,Fiat
Peugeot 301 1.6 HDi Allure,2017,151000,838000.0,Peugeot
Renault Clio 1.0 TCe Evolution,2024,118102,1220000.0,Renault
Toyota Corolla 1.33 Life,2017,127700,1097500.0,Toyota
Dacia Lodgy 1.5 dCi Laureate,2013,207000,789000.0,Dacia
Volkswagen Golf 1.4 TSi Comfortline,2009,219000,852000.0,Volkswagen
Opel Astra 1.4 T Sport,2013,78000,975000.0,Opel
Citroen C-Elysée 1.5 BlueHDI Feel Bold,2022,63000,765900.0,Citroen
Renault Megane 1.5 dCi Touch Plus,2019,188000,1150000.0,Renault
Mercedes - Benz C 180 Kompressor BlueEfficiency AMG,2012,368000,1100000.0,Mercedes
Ford Focus 1.6 TDCi Titanium,2016,279112,789000.0,Ford
Citroen C4 1.6 e-HDi Confort,2012,212000,775000.0,Citroen
Renault Clio 1.5 dCi Joy,2016,273000,650000.0,Renault
Fiat Egea 1.4 Fire Easy,2021,159000,747000.0,Fiat
Opel Corsa 1.3 CDTI Enjoy,2008,246110,495000.0,Opel
Opel Corsa 1.4 Enjoy,2015,107000,895000.0,Opel
Hyundai Accent Era 1.5 CRDi-VGT Select,2010,313000,495000.0,Hyundai
Volkswagen Passat 1.4 TSi Comfortline,2010,198000,880000.0,Volkswagen
Ford Focus 1.6 TDCi Trend X,2010,289000,590000.0,Ford
Ford Fiesta 1.5 TDCi Titanium,2015,81000,930000.0,Ford
Renault Clio 1.6 Dynamique,2007,295000,475000.0,Renault
Toyota Auris 1.6 Elegant,2008,228000,789999.0,Toyota
Ford Focus 1.6 Trend,2009,102500,765000.0,Ford
Honda Civic 1.6i VTEC Eco Elegance,2016,171000,1199000.0,Honda
Toyota Corolla 1.6 Advance,2015,113000,1060000.0,Toyota
Mercedes - Benz C 200 d BlueTEC AMG,2016,213000,1725000.0,Mercedes
Volkswagen Passat 1.6 TDi BlueMotion Highline,2014,234000,1525000.0,Volkswagen
BMW 3 Serisi 320d Modern Line,2012,305000,1350000.0,BMW
Seat Leon 1.6 Stylance,2008,236000,610000.0,Seat
Peugeot 107 1.0 Urban Move,2011,136000,725000.0,Peugeot
Dacia Sandero 1.5 dCi Stepway,2016,81000,909999.0,Dacia
Volkswagen Polo 1.0 Trendline,2017,78000,850000.0,Volkswagen
Kia Pro Ceed 1.6 GDI GT,2013,201000,980000.0,Kia
Opel Astra 1.6 CDTI Edition Plus,2016,215000,860000.0,Opel
Renault Clio 1.5 dCi Joy,2019,167950,750000.0,Renault
Renault Symbol 1.5 dCi Authentique,2012,263000,385000.0,Renault
Honda Civic 1.6i VTEC Eco Elegance,2016,136000,1285000.0,Honda
Renault Clio 1.0 TCe Touch,2023,104000,925000.0,Renault
Renault Megane 1.5 Blue DCI Icon,2019,233000,1098000.0,Renault
Volkswagen Passat 1.6 FSi Comfortline,2005,375000,449000.0,Volkswagen
Mercedes - Benz A 180 d Style,2018,108000,1599000.0,Mercedes
Hyundai Accent Era 1.5 CRDi-VGT Team,2008,345000,268000.0,Hyundai
Hyundai Getz 1.4 DOHC AB AC,2008,226000,460000.0,Hyundai
Skoda Scala 1.0 TSI Premium,2023,80000,1330000.0,Skoda
Mercedes - Benz CLA 180 D Comfort,2017,130000,1700000.0,Mercedes
Volkswagen Passat 1.4 TSi BlueMotion Highline,2018,140000,1809900.0,Volkswagen
Volkswagen Passat 2.0 TDi Comfortline,2006,238000,870000.0,Volkswagen
Volkswagen Golf 1.6 TDi BlueMotion Comfortline,2016,277000,1170000.0,Volkswagen
Volkswagen Polo 1.4 TDi Comfortline,2017,164000,995000.0,Volkswagen
Skoda SuperB 1.5 TSI Premium,2025,66000,2690000.0,Skoda
Toyota Corolla 1.4 D-4D Advance,2015,257000,879900.0,Toyota
Toyota Corolla 1.4 D-4D Advance,2015,178000,1000000.0,Toyota
Skoda Fabia 1.0 TSI Premium,2025,18000,1595000.0,Skoda
Hyundai i20 1.4 MPI Style Plus,2022,53000,1365000.0,Hyundai
Dacia Sandero 1.5 dCi Stepway Style,2018,189000,810000.0,Dacia
Seat Ibiza 1.0 EcoTSI Style,2025,12900,1495000.0,Seat
BMW 3 Serisi 320i ED Standart,2014,243000,1330000.0,BMW
Suzuki SX4 GLX,2013,84000,1020000.0,Suzuki
Renault Laguna 2.0 RXT,1999,345000,270000.0,Renault
Ford Focus 1.6 Comfort,2004,151000,610000.0,Ford
Honda Civic 1.6i VTEC Elegance,2009,230000,909000.0,Honda
Hyundai Getz 1.3 GL,2005,272000,429000.0,Hyundai
Skoda Fabia 1.0 GreenTec Style,2019,118000,1150000.0,Skoda
Volkswagen Golf 1.6 TDi BlueMotion Highline,2012,175000,1169000.0,Volkswagen
Renault Fluence 1.5 dCi Touch,2014,192000,740000.0,Renault
Renault Megane 1.3 TCe Touch,2023,57000,1525000.0,Renault
Opel Corsa 1.2 T Elegance,2022,90000,1185000.0,Opel
Mazda 3 1.6 Dynamic,2006,255000,495000.0,Mazda
Opel Astra 1.2 T Edition,2023,110000,1370000.0,Opel
Hyundai i10 1.2 D-CVVT Elite,2015,63000,959500.0,Hyundai
Mercedes - Benz C 180 Kompressor BlueEfficiency AMG,2011,165000,1459000.0,Mercedes
Hyundai i20 1.4 MPI Elite,2020,82000,1340000.0,Hyundai
Fiat Egea 1.3 Multijet Urban Plus,2019,186000,825000.0,Fiat
Hyundai Accent Blue 1.6 CRDI Mode,2015,218000,855000.0,Hyundai
Citroen C4 1.6 HDi Attraction,2012,218000,599000.0,Citroen
Toyota Corolla 1.5 Dream X-Pack,2023,88000,1620000.0,Toyota
Peugeot 208 1.2 PureTech GT Line,2016,140000,960000.0,Peugeot
Skoda Octavia 1.6 TDI Style CR,2015,215000,1085000.0,Skoda
Opel Corsa 1.4 Twinport Enjoy 111,2011,128000,780000.0,Opel
Mini Cooper 1.5 Signature,2023,37000,1765000.0,Mini
Dacia Sandero 0.9 TCe Stepway Easy-R,2016,123000,830000.0,Dacia
Peugeot 301 1.6 HDi Active,2017,129500,799900.0,Peugeot
Renault Megane 1.5 dCi Expression,2007,235000,399000.0,Renault
Peugeot 301 1.6 HDi Active,2016,198000,670000.0,Peugeot
Fiat Linea 1.3 Multijet Pop,2016,175000,675000.0,Fiat
Toyota Corolla 1.8 Hybrid Dream,2021,166000,1265000.0,Toyota
Opel Corsa 1.4 Enjoy,2017,107100,975000.0,Opel
Dacia Logan 1.2,2012,207000,365000.0,Dacia
Toyota Corolla 1.33 Life,2016,44000,1125000.0,Toyota
Dacia Logan 1.5 dCi Ambiance,2009,300000,248500.0,Dacia
Volkswagen Golf 1.6 TDi BlueMotion Highline,2014,245000,1225000.0,Volkswagen
Tesla Model Y Performance (Legacy),2023,94000,2475000.0,Tesla
Opel Astra 1.6 Essentia,2008,322000,395000.0,Opel
Ford Fusion 1.6 TDCi Lux,2007,320000,445000.0,Ford
Audi A3 Sportback 1.6 TDI Attraction,2016,183000,1250000.0,Audi
Peugeot 306 1.6 XR,2000,272000,260000.0,Peugeot
Toyota Corolla 1.5 Flame,2022,98000,1515000.0,Toyota
Toyota Corolla 1.5 Flame X-Pack,2023,38500,1650000.0,Toyota
Suzuki Swift 1.2 GL,2016,134000,930000.0,Suzuki
Honda Civic 1.6i VTEC Executive,2021,165000,1650000.0,Honda
Fiat Egea 1.3 Multijet Easy,2023,115900,939500.0,Fiat
Peugeot 301 1.6 HDi Active,2017,91000,817500.0,Peugeot
Honda Civic 1.6i VTEC Eco Elegance,2012,106000,1330000.0,Honda
Ford Focus 1.5 EcoBlue Titanium Stil,2024,92000,1630000.0,Ford
Volkswagen Passat 1.6 TDi BlueMotion Impression,2017,125000,1439000.0,Volkswagen
Citroen C3 1.4 HDi X Furio,2006,238000,365000.0,Citroen
Volvo S60 1.6 D Premium,2014,214000,1120000.0,Volvo
Mini Cooper 1.5 D Türkiye Paketi,2016,182000,1225000.0,Mini
Opel Corsa 1.2 T Edition,2021,29850,1245750.0,Opel
Skoda Fabia 1.0 GreenTec Style,2017,228000,825000.0,Skoda
Peugeot 206 1.4 X-Line,2004,168000,395000.0,Peugeot
Ford Focus 1.6 TDCi Trend X,2010,174000,755000.0,Ford
Hyundai i20 1.0 T-GDI Style,2025,35000,1399000.0,Hyundai
Honda Civic 1.6i VTEC Elegance,2012,131000,1255000.0,Honda
Fiat Linea 1.4 Fire Actual,2013,168400,585000.0,Fiat
Seat Leon 1.2 TSI Style,2011,140000,755000.0,Seat
Renault Megane 1.3 TCe Touch,2025,40000,1575000.0,Renault
Ford Fiesta 1.25 Flair,2000,352000,221500.0,Ford
Mercedes - Benz C 180 Kompressor BlueEfficiency Avantgarde,2012,120000,1349000.0,Mercedes
Volkswagen Passat 1.4 TSi BlueMotion Highline,2016,172000,1645000.0,Volkswagen
Ford Focus 1.6 Ti-VCT Trend X,2014,183500,925000.0,Ford
Fiat Egea 1.6 Multijet Lounge,2015,105000,930000.0,Fiat
Fiat Punto EVO 1.3 Multijet Dynamic,2011,285000,455000.0,Fiat
Fiat Egea 1.6 Multijet Comfort,2017,255000,740000.0,Fiat
Renault Symbol 1.4 Authentique,2009,192000,530000.0,Renault
Dacia Sandero 1.5 dCi Stepway,2014,310000,459500.0,Dacia
Renault Clio 1.0 TCe Joy,2021,168000,925000.0,Renault
Fiat Egea 1.3 Multijet Easy,2017,253949,510000.0,Fiat
Renault Clio 1.5 dCi Joy,2016,223000,650000.0,Renault
Renault Clio 1.5 dCi Touch,2017,318000,605000.0,Renault
Skoda Octavia 1.6 TDI Ambiente,2012,208000,850000.0,Skoda
Fiat Palio 1.4 EL,2000,270000,249000.0,Fiat
Nissan Micra 1.2 Match,2015,39000,1050000.0,Nissan
Renault Scenic 1.5 dCi Expression,2011,319000,550000.0,Renault
Renault Megane 1.3 TCe Icon,2025,39000,1729000.0,Renault
BMW 5 Serisi 530i Standart,2004,252000,975000.0,BMW
Honda Civic 1.6i VTEC Dream,2010,160000,869500.0,Honda
Skoda SuperB 1.6 TDI Prestige,2016,228000,1475000.0,Skoda
Fiat Egea 1.3 Multijet Easy,2023,62000,890000.0,Fiat
Renault Megane 1.3 TCe Touch,2023,35000,1565000.0,Renault
Renault Clio 1.2 SportTourer Joy,2016,83000,748750.0,Renault
Peugeot 308 1.6 VTi Millesim,2010,104000,665000.0,Peugeot
Opel Astra 1.6 CD,2000,262000,360000.0,Opel
Ford Focus 1.5 EcoBlue Titanium Stil,2025,13000,2129000.0,Ford
Skoda Rapid 1.4 TDI Style,2016,271000,715000.0,Skoda
Volkswagen Passat 1.6 TDi BlueMotion Impression,2018,157000,1550000.0,Volkswagen
Hyundai i20 1.4 MPI Style,2023,30000,1430000.0,Hyundai
Citroen C-Elysée 1.5 BlueHDI Feel Bold,2022,71800,785750.0,Citroen
Seat Leon 1.6 TDI CR Style,2015,265000,847500.0,Seat
Toyota Corolla 1.5 Dream,2022,130000,1275000.0,Toyota
Toyota Corolla 1.4 D-4D Terra,2007,214000,629900.0,Toyota
Toyota Corolla 1.4 D-4D Premium 50.Yıl,2017,156200,1215000.0,Toyota
Skoda SuperB 1.5 TSI Laurin&Klement Crystal,2024,78500,2994900.0,Skoda
Ford Focus 1.6 Ti-VCT Trend X,2017,90100,1240000.0,Ford
Opel Astra 1.2 T GS,2025,8450,975000.0,Opel
Volkswagen Golf 1.2 TSi Comfortline,2014,163000,1080000.0,Volkswagen
Renault Fluence 1.5 dCi Touch Plus,2014,170000,820000.0,Renault
Honda Civic 1.4 i S,1998,352000,310000.0,Honda
Renault Clio 1.0 TCe Equilibre,2023,82000,1209900.0,Renault
Ford Focus 1.6 TDCi Collection,2011,181000,820000.0,Ford
Renault Clio 1.0 TCe Joy,2021,161000,889000.0,Renault
Skoda Fabia 1.0 TSI Premium,2020,125000,1200000.0,Skoda
Skoda SuperB 1.5 TSI Prestige,2021,152000,1885000.0,Skoda
Skoda Octavia 1.6 TDI Elegance CR,2013,250000,813500.0,Skoda
Seat Altea 1.6 TDI I-Tech XL,2014,198500,839900.0,Seat
Mercedes - Benz E 180 Elite,2014,202000,1580000.0,Mercedes
Mercedes - Benz E 250 CDI AMG,2013,310000,2350000.0,Mercedes
Fiat Linea 1.3 Multijet Actual Plus,2013,191000,565000.0,Fiat
Volvo S40 1.6 D Dynamic,2009,250000,471000.0,Volvo
Alfa Romeo Giulietta 1.4 TB MultiAir Distinctive,2012,240000,790000.0,Alfa
Opel Corsa 1.2 Essentia,2015,160000,699000.0,Opel
BMW 3 Serisi 320i ED 40th Year Edition,2015,248000,1735000.0,BMW
Volkswagen Passat 1.6 TDi BlueMotion Trendline,2016,233000,1350000.0,Volkswagen
Toyota Corolla 1.4 D-4D Touch,2016,95000,1315000.0,Toyota
Citroen C3 1.2 PureTech Feel Bold,2021,65000,1100000.0,Citroen
BMW 5 Serisi 520i Executive Plus,2016,160000,1989000.0,BMW
BMW 3 Serisi 320i ED M Plus,2013,169000,1480000.0,BMW
Renault Fluence 1.5 dCi Business,2012,173396,624000.0,Renault
Tesla Model Y Performance (Legacy),2023,33000,2929900.0,Tesla
Dacia Sandero 1.0 Ambiance,2017,210000,650000.0,Dacia
Toyota Auris 1.6 Comfort,2008,123000,790000.0,Toyota
Volkswagen Golf 1.0 eTSI R Line,2022,85000,2025000.0,Volkswagen
Renault Clio 1.5 dCi Icon,2017,170000,1035000.0,Renault
Renault Scenic 1.6 Privilege,2006,151000,570000.0,Renault
Renault Megane 1.5 dCi Touch Plus,2015,194000,739000.0,Renault
Mercedes - Benz C 200 D AMG,2016,185000,1725000.0,Mercedes
Hyundai Accent Blue 1.6 CRDI Mode Plus,2016,148000,935000.0,Hyundai
Fiat Egea 1.4 Fire Easy Plus,2023,17500,1030000.0,Fiat
Hyundai Accent 1.6 Admire,2005,194000,440000.0,Hyundai
Citroen C4 1.4 VTi Attraction,2011,150000,618000.0,Citroen
Fiat Egea 1.3 Multijet Urban,2023,138000,949000.0,Fiat
Kia Picanto 1.1 EX,2005,195000,445000.0,Kia
Seat Leon 1.6 TDI Style,2017,127375,1345000.0,Seat
Volkswagen Golf 1.6 TDi BlueMotion Comfortline,2013,135000,1425000.0,Volkswagen
Skoda Scala 1.6 TDI Premium,2020,103000,1275000.0,Skoda
Seat Ibiza 1.0 EcoTSI Style,2018,153000,1215000.0,Seat
Ford Focus 1.5 Ti-VCT Trend X,2021,69000,1285000.0,Ford
BMW 3 Serisi 316i Standart,2006,330000,695000.0,BMW
Honda Civic 1.6i VTEC Eco Executive,2017,230000,1395000.0,Honda
Renault R 19 1.6 Europa RNE,1998,342000,315000.0,Renault
Seat Ibiza 1.0 EcoTSI Style,2021,42000,1265000.0,Seat
Renault Megane 1.3 TCe Joy,2024,99000,1315000.0,Renault
Hyundai Accent Era 1.5 CRDi-VGT Team,2011,392000,360000.0,Hyundai
Volkswagen Polo 1.0 Trendline,2015,52000,905000.0,Volkswagen
BMW 3 Serisi 320i ED Sport Line,2015,153200,1662500.0,BMW
BMW 5 Serisi 520i Executive,2016,123000,2229000.0,BMW
Renault Megane 1.2 TCe Icon,2017,127000,1185000.0,Renault
Fiat Egea 1.3 Multijet Easy,2019,212000,715000.0,Fiat
Renault Megane 1.5 dCi Touch,2017,164000,1220000.0,Renault
Volkswagen Passat 1.9 TDi Comfortline,2004,178000,580000.0,Volkswagen
Renault Megane 1.5 dCi Dynamique,2005,274000,472000.0,Renault
Toyota Corolla 1.4 D-4D Touch,2013,179000,1065000.0,Toyota
BMW 1 Serisi 116d Joy Plus,2017,158000,1129000.0,BMW
Volkswagen Jetta 1.9 TDi Midline,2007,344000,575000.0,Volkswagen
Skoda Scala 1.0 TSI Premium,2023,160000,1109000.0,Skoda
Fiat Palio 1.2 Active,2006,180000,384750.0,Fiat
Volkswagen Passat 1.4 TSi BlueMotion Highline,2011,232000,1060000.0,Volkswagen
Renault Megane 1.5 dCi Expression,2011,122000,859000.0,Renault
Citroen C4 1.2 PureTech Confort,2025,18000,1775000.0,Citroen
Citroen C-Elysée 1.6 BlueHDI Feel,2018,199200,769900.0,Citroen
BMW 4 Serisi 418i Gran Coupe Prestige,2015,79000,1775000.0,BMW
Toyota Corolla 1.8 Hybrid Flame X-Pack,2025,35000,2195000.0,Toyota
Toyota Yaris 1.33 Style Skypack,2015,90000,805000.0,Toyota
Ford Focus 1.6 TDCi Trend X,2010,265000,725000.0,Ford
Volkswagen Golf 1.0 TSi Comfortline,2019,106000,1375000.0,Volkswagen
Volkswagen Passat 1.5 TSi Impression,2021,145000,1739000.0,Volkswagen
Toyota Corolla 1.6 Premium,2013,275000,765000.0,Toyota
Renault Megane 1.3 TCe Joy,2022,74000,1429000.0,Renault
Honda Civic 1.6i VTEC Eco Elegance,2012,147000,1039000.0,Honda
Ford Focus 1.5 EcoBlue Titanium X,2025,44000,1877500.0,Ford
BMW 5 Serisi 525d xDrive Premium,2013,295000,1305000.0,BMW
Audi A3 Sedan 1.6 TDI Ambiente,2015,158000,1445000.0,Audi
Hyundai Elantra 1.6 GLS,2001,251000,450000.0,Hyundai
Renault Clio 1.5 dCi Joy,2012,190000,675000.0,Renault
Skoda SuperB 1.5 TSI Elite,2019,270000,1475000.0,Skoda
Audi A3 Sedan 1.4 TFSI Attraction,2014,177000,1275000.0,Audi
Mercedes - Benz 200 E,1993,380700,525000.0,Mercedes
Ford Mondeo 2.0 Ghia,2004,221000,430000.0,Ford
Renault Scenic 1.5 dCi Privilege,2012,206000,749000.0,Renault
Renault Megane 1.5 Blue DCI Joy,2020,175000,1145000.0,Renault
Jaguar XE 2.0 Prestige,2015,260000,1445000.0,Jaguar
Mercedes - Benz CLA 180 D AMG,2014,161000,1345000.0,Mercedes
Renault Clio 1.0 TCe Techno Esprit Alpine,2024,26000,1450000.0,Renault
Skoda Octavia 1.6 TDI Optimal,2018,196000,1224500.0,Skoda
Renault Megane 1.3 TCe Touch,2025,8000,1700000.0,Renault
Peugeot 207 1.6 HDi Outdoor,2009,238000,515000.0,Peugeot
Honda Civic 1.6i VTEC Elegance,2011,161200,939000.0,Honda
Volkswagen Polo 1.4 Comfortline,2011,176000,750000.0,Volkswagen
Volkswagen Golf 1.5 eTSI R Line,2021,95000,1955000.0,Volkswagen
Volkswagen Golf 1.4 TSi Comfortline,2018,150000,1610000.0,Volkswagen
BMW 3 Serisi 316i Standart,2011,203200,935000.0,BMW
Hyundai i30 1.6 GDI Style,2014,165000,950000.0,Hyundai
Opel Corsa 1.3 CDTI Enjoy,2012,235000,545000.0,Opel
BMW 5 Serisi 525d Standart,2000,270000,435000.0,BMW
Opel Corsa 1.3 CDTI Enjoy,2011,156000,655000.0,Opel
Citroen C5 2.0 HDi SX,2005,297000,385000.0,Citroen
Renault Clio 1.0 TCe Icon,2021,134000,1119000.0,Renault
Toyota Corolla 1.4 D-4D Advance,2013,163000,1120000.0,Toyota
Renault Megane 1.6 RTE,1999,275000,268000.0,Renault
Peugeot 207 1.4 HDi Trendy,2007,49500,695000.0,Peugeot
Fiat Egea 1.3 Multijet Easy Plus,2018,194000,750000.0,Fiat
Renault Clio 1.0 TCe Techno Esprit Alpine,2024,29000,1480000.0,Renault
Volkswagen Passat 1.6 TDi BlueMotion Comfortline,2016,186000,1385000.0,Volkswagen
Citroen C3 1.2 PureTech Shine,2023,53000,1275000.0,Citroen
Seat Leon 1.4 EcoTSI FR,2017,89000,1675000.0,Seat
Renault Symbol 1.5 dCi Joy,2015,243500,520000.0,Renault
Ford Focus 1.5 Ti-VCT Trend X,2020,122000,1140000.0,Ford
Volkswagen Passat 1.6 TDi BlueMotion Comfortline,2013,252000,1025000.0,Volkswagen
Renault Megane 1.6 Joy,2017,141000,1030000.0,Renault
Volkswagen Passat 1.6 TDi BlueMotion Comfortline,2016,222000,1485000.0,Volkswagen
Seat Leon 1.2 TSI Style,2017,145000,1314900.0,Seat
Volkswagen Jetta 1.2 TSi Comfortline,2014,248000,839000.0,Volkswagen
Ford Focus 1.5 EcoBlue Titanium Stil,2024,123000,1564000.0,Ford
Renault Symbol 1.5 dCi Joy,2016,355000,450000.0,Renault
Toyota Corolla 1.6 Life,2018,40000,1350000.0,Toyota
Renault Clio 1.0 TCe Joy,2021,103000,923000.0,Renault
Dacia Sandero 1.0 Ambiance,2019,66000,645000.0,Dacia
Dacia Sandero 1.0 TCe Extreme,2024,20000,1295000.0,Dacia
Fiat Linea 1.3 Multijet Active Plus,2012,235000,473000.0,Fiat
Ford Focus 1.5 TDCi Titanium,2020,140000,1490000.0,Ford
Volkswagen Polo 1.4 Comfortline,2006,287000,550000.0,Volkswagen
Audi A4 Sedan 2.0 TDI Dynamic,2018,179000,2100000.0,Audi
Volkswagen Jetta 1.6 TDi Trendline,2015,156470,1175000.0,Volkswagen
Renault Clio 1.5 dCi Joy,2014,255500,610000.0,Renault
Renault Fluence 1.5 dCi Touch Plus,2016,144000,1035000.0,Renault
Hyundai Accent 1.6 Admire,2007,225000,535000.0,Hyundai
Volkswagen Jetta 1.6 TDi Comfortline,2013,149000,1050000.0,Volkswagen
