Marka,Seri,Model,Yil,Kilometre,Vites,Yakit,Fiyat
Ford,Focus,1.6 Comfort,2011,228.000 KM,Düz,LPG & benzin,625.000 TL
Renault,Megane,1.6 Dynamique,2004,258.000 KM,Düz,Benzin,499.000 TL
Opel,Insignia,1.6 T Cosmo,2010,292.000 KM,Düz,Benzin,599.000 TL
Fiat,Albea,Sole 1.4 Fire Active,2008,230.000 KM,Düz,LPG & benzin,350.000 TL
Opel,Insignia,1.6 T Cosmo,2009,165.000 KM,Düz,Benzin,698.000 TL
Volkswagen,Passat,2.0 TDi Comfortline,2006,345.000 KM,Yarı Otomatik,Dizel,499.000 TL
Fiat,Tipo,1.4 SX ie,1998,144.000 KM,Düz,LPG & benzin,190.000 TL
Volkswagen,Passat,1.6 TDi BlueMotion Comfortline,2012,270.000 KM,Düz,Dizel,910.000 TL
Volkswagen,Golf,1.5 eTSI Life,2025,22.000 KM,Yarı Otomatik,Hibrit,2.000.000 TL
Renault,Megane,1.6 Dynamique,2005,245.000 KM,Otomatik,LPG & benzin,439.850 TL
Volkswagen,Golf,1.6 FSi Midline,2006,216.000 KM,Otomatik,Benzin,600.000 TL
Ford,Focus,1.5 TDCi Titanium,2018,158.000 KM,Yarı Otomatik,Dizel,1.275.000 TL
Mercedes - Benz,CLA,180 D Comfort,2016,188.000 KM,Otomatik,Dizel,1.390.000 TL
Audi,A6,A6 Sedan 2.0 TFSI Quattro,2017,277.700 KM,Yarı Otomatik,Benzin,2.158.000 TL
Mercedes - Benz,C,C 200 BlueTEC AMG,2017,125.000 KM,Otomatik,Dizel,2.300.000 TL
Fiat,Egea,1.3 Multijet Easy,2019,212.000 KM,Düz,Dizel,715.000 TL
Hyundai,Elantra,1.6 GLS,2001,251.000 KM,Düz,LPG & benzin,450.000 TL
Renault,Megane,1.6 Dynamique,2005,257.777 KM,Düz,LPG & benzin,415.000 TL
Toyota,Corolla,1.4 D-4D Touch,2013,179.000 KM,Otomatik,Dizel,1.065.000 TL
Volkswagen,Passat,1.9 TDi Comfortline,2004,178.000 KM,Otomatik,Dizel,580.000 TL
Volkswagen,Passat,1.6 TDi BlueMotion Comfortline,2013,240.000 KM,Otomatik,Dizel,1.225.000 TL
Volkswagen,Beetle,1.2 TSi Design,2012,184.000 KM,Düz,Benzin,1.070.000 TL
BMW,1 Serisi,116d Joy Plus,2017,158.000 KM,Otomatik,Dizel,1.129.000 TL
Fiat,Palio,1.2 Active,2006,180.000 KM,Düz,Benzin,384.750 TL
Volkswagen,Passat,1.4 TSi BlueMotion Highline,2011,232.000 KM,Otomatik,Benzin,1.060.000 TL
Ford,Focus,1.6 TDCi Trend X,2010,265.000 KM,Düz,Dizel,725.000 TL
Skoda,SuperB,1.6 TDI Elegance,2011,157.000 KM,Düz,Dizel,1.100.000 TL
Toyota,Yaris,1.33 Style Skypack,2015,90.000 KM,Otomatik,Benzin,805.000 TL
Hyundai,i20,1.4 MPI Coupe,2015,137.000 KM,Otomatik,Benzin,980.000 TL
Opel,Astra,1.2 T GS,2024,17.500 KM,Otomatik,Benzin,1.725.000 TL
Renault,Megane,1.5 dCi Touch Plus,2019,188.000 KM,Yarı Otomatik,Dizel,1.150.000 TL
Volkswagen,Passat,1.6 TDi BlueMotion Impression,2017,213.000 KM,Yarı Otomatik,Dizel,1.130.000 TL
Tofaş,Şahin,Şahin 5 Vites,1994,650.000 KM,Düz,LPG & benzin,155.000 TL
Fiat,Albea,Sole 1.3 Multijet Dynamic,2011,768.200 KM,Düz,Dizel,260.000 TL
Renault,Symbol,1.5 dCi Joy,2014,163.000 KM,Düz,Dizel,685.000 TL
Opel,Astra,1.6 CDTI Excellence,2016,205.000 KM,Düz,Dizel,770.000 TL
Renault,Clio,1.5 dCi Touch,2017,106.000 KM,Yarı Otomatik,Dizel,965.000 TL
Renault,Symbol,1.4 Expression Plus,2011,165.000 KM,Düz,LPG & benzin,577.500 TL
Renault,Clio,1.5 dCi Touch,2019,129.000 KM,Otomatik,Dizel,987.500 TL
Peugeot,207,1.4 HDi Urban Move,2012,241.000 KM,Düz,Dizel,589.000 TL
Citroen,e-C4,Max,2025,12.000 KM,Otomatik,Elektrik,1.675.000 TL
Seat,Leon,1.6 TDI Style,2017,186.000 KM,Yarı Otomatik,Dizel,1.150.000 TL
Volkswagen,Polo,1.0 Life,2023,110.000 KM,Yarı Otomatik,Benzin,1.355.000 TL
Fiat,Egea,1.4 Fire Easy Plus,2022,166.300 KM,Düz,Benzin,740.000 TL
Skoda,SuperB,1.5 TSI Prestige,2024,157.000 KM,Otomatik,Hibrit,2.345.000 TL
Ford,Focus,1.6 TDCi Trend X,2017,117.206 KM,Düz,Dizel,1.085.000 TL
Hyundai,i10,1.2 D-CVVT Elite,2016,63.000 KM,Otomatik,Benzin,975.000 TL
Renault,Symbol,1.5 dCi Joy,2016,149.000 KM,Düz,Dizel,715.000 TL
Renault,Megane,1.3 TCe Icon,2024,80.000 KM,Otomatik,Benzin,1.600.000 TL
Renault,Clio,1.0 TCe Touch,2023,152.000 KM,Otomatik,Benzin,1.065.000 TL
Peugeot,208,1.2 PureTech Access,2015,79.000 KM,Düz,Benzin,730.000 TL
Renault,Megane,1.5 Blue DCI Joy,2021,138.500 KM,Otomatik,Dizel,1.295.000 TL
Honda,Civic,2.0 Type-R,2017,16.000 KM,Düz,Benzin,3.850.000 TL
Toyota,Corolla,1.4 D-4D Comfort,2007,398.800 KM,Düz,Dizel,498.500 TL
Hyundai,i20,1.2 D-CVVT Jump,2013,139.000 KM,Düz,Benzin,535.000 TL
Citroen,C3,1.6 BlueHDI Feel,2016,270.000 KM,Düz,Dizel,645.000 TL
Seat,Leon,1.6 TDI CR Style,2011,212.000 KM,Düz,Dizel,799.000 TL
Audi,A6,A6 Avant 2.5 TDI,2004,329.000 KM,Otomatik,Dizel,495.000 TL
Volkswagen,Passat,1.4 TSi BlueMotion Comfortline,2016,240.000 KM,Otomatik,Benzin,1.350.000 TL
Skoda,Octavia,1.5 e-Tec Premium,2023,138.000 KM,Yarı Otomatik,Hibrit,1.675.000 TL
Mercedes - Benz,CLA,180 D AMG,2015,291.000 KM,Otomatik,Dizel,1.375.000 TL
Hyundai,i20,1.4 CVVT Jump,2012,209.000 KM,Otomatik,LPG & benzin,779.000 TL
Fiat,Egea,1.4 Fire Easy Plus,2023,85.000 KM,Düz,Benzin,819.000 TL
Fiat,Egea,1.4 Fire Easy,2022,33.000 KM,Düz,Benzin,900.000 TL
Ford,Focus,1.5 EcoBlue Titanium Stil,2024,45.500 KM,Otomatik,Dizel,1.685.000 TL
Audi,A3,A3 Sportback 35 TFSI Advanced,2025,6.001 KM,Yarı Otomatik,Hibrit,2.850.000 TL
Mercedes - Benz,E,180 Edition E,2015,188.000 KM,Otomatik,Benzin,2.340.000 TL
Mazda,626,2.0,1993,310.000 KM,Düz,LPG & benzin,359.000 TL
Audi,A6,A6 Sedan 40 TDI Quattro Design,2021,200.000 KM,Yarı Otomatik,Hibrit,4.315.000 TL
BMW,3 Serisi,320i ED M Plus,2014,221.000 KM,Otomatik,Benzin,1.395.000 TL
Ford,Focus,1.5 Ti-VCT Titanium,2023,51.000 KM,Otomatik,Benzin,1.627.500 TL
Mercedes - Benz,A,A 180 AMG Sport,2013,80.000 KM,Otomatik,Benzin,1.560.000 TL
Volkswagen,Passat,1.6 TDi BlueMotion Comfortline,2016,215.000 KM,Otomatik,Dizel,1.315.000 TL
Ford,Focus,1.6 TDCi Trend X,2017,290.000 KM,Düz,Dizel,885.000 TL
Renault,Clio,1.5 dCi Touch,2015,129.500 KM,Otomatik,Dizel,1.029.000 TL
Volvo,V40 Cross Country,1.5 T3 Advance,2017,83.000 KM,Yarı Otomatik,Benzin,1.395.000 TL
Suzuki,Swift,1.2 Hibrit Pulse,2024,10.500 KM,Otomatik,Hibrit,1.345.000 TL
Renault,Fluence,1.5 dCi Touch Plus,2016,210.000 KM,Otomatik,Dizel,820.000 TL
Fiat,Linea,1.3 Multijet Active Plus,2015,217.690 KM,Düz,Dizel,490.000 TL
Renault,Fluence,1.5 dCi Touch,2013,204.000 KM,Düz,Dizel,630.000 TL
BMW,3 Serisi,320d xDrive M Sport,2014,361.000 KM,Otomatik,Dizel,1.280.000 TL
Renault,Clio,1.5 dCi SportTourer Joy,2016,194.000 KM,Düz,Dizel,698.000 TL
Toyota,Corolla,1.6 Linea Terra,2003,228.000 KM,Düz,Benzin,605.000 TL
Ford,Focus,1.6 TDCi Collection,2011,248.000 KM,Düz,Dizel,599.999 TL
Honda,Civic,1.6i VTEC ES,2004,300.000 KM,Düz,LPG & benzin,650.000 TL
Renault,Clio,1.0 TCe Evolution,2024,45.000 KM,Otomatik,Benzin,1.325.000 TL
Fiat,Linea,1.3 Multijet Emotion Plus,2011,277.000 KM,Düz,Dizel,390.000 TL
Skoda,Scala,1.0 TSI Premium,2023,160.000 KM,Yarı Otomatik,Benzin,1.109.000 TL
Honda,Civic,1.6i VTEC Eco Elegance,2013,229.000 KM,Otomatik,LPG & benzin,1.139.000 TL
Volvo,S60,1.6 D R-Design,2015,277.000 KM,Otomatik,Dizel,1.115.000 TL
Renault,Megane,1.5 dCi Expression,2011,122.000 KM,Düz,Dizel,859.000 TL
Mercedes - Benz,E,200 Exclusive,2016,128.000 KM,Otomatik,Benzin,3.579.000 TL
Renault,Megane,1.5 dCi Joy,2016,124.000 KM,Düz,Dizel,1.155.000 TL
Volkswagen,Polo,1.4 Comfortline,2011,176.000 KM,Düz,LPG & benzin,750.000 TL
Renault,Megane,1.5 dCi Icon,2017,145.000 KM,Yarı Otomatik,Dizel,1.449.000 TL
Volkswagen,Golf,1.5 eTSI R Line,2021,95.000 KM,Yarı Otomatik,Hibrit,1.955.000 TL
BMW,4 Serisi,420i Edition M Sport,2021,90.000 KM,Otomatik,Benzin,4.060.000 TL
Volkswagen,Golf,1.4 TSi Comfortline,2018,150.000 KM,Otomatik,Benzin,1.580.000 TL
BMW,3 Serisi,316i Standart,2011,203.200 KM,Düz,Benzin,935.000 TL
BMW,3 Serisi,320i ED M Plus,2014,184.000 KM,Otomatik,Benzin,1.670.000 TL
Volkswagen,Passat,2.0 TDi BlueMotion Highline,2015,277.000 KM,Otomatik,Dizel,1.320.000 TL
Hyundai,i30,1.6 GDI Style,2014,165.000 KM,Otomatik,Benzin,950.000 TL
Mercedes - Benz,A,A 160 Elegance,2001,91.000 KM,Otomatik,Benzin,635.000 TL
Renault,Megane,1.3 TCe Touch,2025,30.000 KM,Yarı Otomatik,Benzin,1.700.000 TL
Renault,Clio,1.3 TCe Icon,2020,140.000 KM,Yarı Otomatik,Benzin,1.015.000 TL
BMW,5 Serisi,525d Standart,2000,270.000 KM,Düz,Dizel,435.000 TL
Fiat,Linea,1.3 Multijet Pop,2015,245.000 KM,Düz,Dizel,389.000 TL
Honda,Civic,1.6 Elegance,2009,210.000 KM,Otomatik,LPG & benzin,713.000 TL
Citroen,C-Elysée,1.5 BlueHDI Feel,2020,166.000 KM,Düz,Dizel,788.000 TL
Opel,Corsa,1.4 Enjoy,2015,175.000 KM,Düz,LPG & benzin,665.000 TL
Opel,Astra,1.6 Enjoy,2005,248.000 KM,Düz,LPG & benzin,299.000 TL
Opel,Astra,1.4 T Cosmo,2011,224.000 KM,Otomatik,Benzin,730.000 TL
Ford,Focus,1.5 EcoBlue Trend X,2023,117.000 KM,Otomatik,Dizel,1.390.000 TL
Volkswagen,Jetta,1.6 Primeline,2007,375.000 KM,Düz,Benzin,560.000 TL
Renault,Clio,1.4 Authentique,2007,133.000 KM,Düz,Benzin,459.000 TL
Skoda,Fabia,1.4 TDI Classic,2008,329.000 KM,Düz,Dizel,350.000 TL
Chevrolet,Cruze,1.6,2010,170.000 KM,Düz,LPG & benzin,485.000 TL
Tofaş,Doğan,S,1994,350.000 KM,Düz,LPG & benzin,195.000 TL
Lancia,Delta,1.6 MJet,2012,249.500 KM,Yarı Otomatik,Dizel,615.000 TL
Renault,Megane,1.5 dCi Touch,2018,304.000 KM,Yarı Otomatik,Dizel,839.000 TL
Opel,Insignia,1.6 CDTI Grand Sport Excellence,2017,128.000 KM,Otomatik,Dizel,1.400.000 TL
Volkswagen,Passat,1.6 TDi BlueMotion Impression,2020,123.000 KM,Otomatik,Dizel,1.862.000 TL
Citroen,C3,1.2 PureTech Feel Bold,2024,49.000 KM,Düz,Benzin,909.900 TL
Honda,Civic,1.6i VTEC Elegance,2019,150.000 KM,Otomatik,Benzin,1.380.000 TL
Mercedes - Benz,B,B 180 BlueEFFICIENCY Elite,2013,147.000 KM,Yarı Otomatik,Benzin,1.349.000 TL
Volkswagen,Passat,1.5 TSi Business,2022,86.500 KM,Yarı Otomatik,Benzin,1.980.000 TL
BMW,3 Serisi,318i Edition M Sport,2017,130.000 KM,Otomatik,Benzin,1.829.000 TL
Skoda,SuperB,1.5 TSI Prestige,2021,94.000 KM,Yarı Otomatik,Benzin,2.299.750 TL
Ford,Fiesta,1.4 TDCi Comfort,2004,387.000 KM,Otomatik,Dizel,367.000 TL
Opel,Insignia,2.0 CDTI Edition,2011,260.000 KM,Otomatik,Dizel,629.000 TL
Renault,Megane,1.5 dCi Touch,2018,214.000 KM,Otomatik,Dizel,1.099.000 TL
Renault,Clio,1.0 TCe Touch,2023,36.500 KM,Otomatik,Benzin,1.310.000 TL
Volkswagen,Polo,1.0 TSi Life,2024,77.000 KM,Otomatik,Benzin,1.445.000 TL
Volkswagen,Passat,1.6 TDi BlueMotion Comfortline,2015,186.000 KM,Otomatik,Dizel,1.650.000 TL
BMW,3 Serisi,320d M Sport,2012,296.523 KM,Otomatik,Dizel,1.190.000 TL
Renault,Clio,1.2 Joy,2013,224.000 KM,Düz,Benzin,444.000 TL
Toyota,Corolla,1.6 Premium,2014,88.000 KM,Otomatik,Benzin,1.300.000 TL
Chevrolet,Cruze,1.6 LS,2010,163.000 KM,Otomatik,LPG & benzin,599.750 TL
Skoda,Octavia,1.0 e-Tec Elite,2021,145.000 KM,Yarı Otomatik,Hibrit,1.425.000 TL
Hyundai,i20,1.0 T-GDI Jump,2026,17.500 KM,Yarı Otomatik,Benzin,1.385.000 TL
Hyundai,Accent,1.3 LS,1998,202.000 KM,Düz,LPG & benzin,229.000 TL
Renault,Fluence,1.5 dCi Joy,2013,263.000 KM,Yarı Otomatik,Dizel,597.000 TL
Volkswagen,Jetta,1.6 TDi Comfortline,2011,370.000 KM,Yarı Otomatik,Dizel,700.000 TL
Mercedes - Benz,C,C 180 BlueEFFICIENCY AMG,2013,169.000 KM,Otomatik,Benzin,1.799.000 TL
Renault,Symbol,1.4 Expression,2010,210.000 KM,Düz,Benzin,485.000 TL
Opel,Corsa,1.4 Twinport Enjoy 111,2011,235.000 KM,Otomatik,LPG & benzin,715.000 TL
Citroen,C3,1.4 X Furio,2007,166.000 KM,Düz,Benzin,415.000 TL
Renault,Megane,1.6 RTE,2000,402.000 KM,Düz,LPG & benzin,310.000 TL
Honda,Civic,1.5 i-VTEC Eco Elegance,2022,79.000 KM,Otomatik,LPG & benzin,1.895.000 TL
Renault,Clio,1.5 dCi Extreme Edition,2012,239.000 KM,Düz,Dizel,385.000 TL
Renault,Megane,1.5 Blue DCI Touch,2020,84.000 KM,Yarı Otomatik,Dizel,1.487.000 TL
BMW,3 Serisi,320i Sport Line,2022,115.000 KM,Otomatik,Benzin,2.750.000 TL
Fiat,Egea,1.4 Fire Lounge,2024,56.000 KM,Düz,Benzin,1.070.000 TL
Skoda,Octavia,1.6 Elegance,2003,389.000 KM,Otomatik,LPG & benzin,387.000 TL
Honda,Jazz,1.4 Elite,2007,209.500 KM,Otomatik,LPG & benzin,645.000 TL
Renault,Clio,1.0 TCe Icon,2021,141.000 KM,Otomatik,Benzin,1.165.000 TL
Volkswagen,Polo,1.4 Comfortline,2013,70.000 KM,Düz,Benzin,945.000 TL
Seat,Leon,1.4 TSI Style,2011,120.000 KM,Düz,Benzin,790.000 TL
Peugeot,301,1.6 BlueHDI Active,2018,162.000 KM,Düz,Dizel,840.000 TL
Volkswagen,Passat,1.4 TSi BlueMotion Highline,2014,182.000 KM,Düz,Benzin,1.425.000 TL
Audi,A3,A3 Sedan 1.6 TDI Design Line,2016,252.800 KM,Yarı Otomatik,Dizel,1.285.000 TL
Renault,Clio,1.5 dCi Touch,2015,217.000 KM,Düz,Dizel,565.000 TL
Volkswagen,Passat,1.6 TDi BlueMotion Comfortline,2012,300.000 KM,Yarı Otomatik,Dizel,825.000 TL
Seat,Toledo,1.6 Signo,2001,304.000 KM,Otomatik,LPG & benzin,435.000 TL
Seat,Leon,1.6 TDI Style,2013,210.000 KM,Otomatik,Dizel,1.175.000 TL
Fiat,Linea,1.6 Multijet Lounge,2012,209.000 KM,Düz,Dizel,630.000 TL
Ford,Focus,1.6 TDCi Titanium,2015,240.000 KM,Düz,Dizel,880.000 TL
Cupra,Leon,1.5 eTSI Standart,2024,76.000 KM,Otomatik,Hibrit,1.999.000 TL
Skoda,Octavia,1.5 e-Tec Premium,2024,64.000 KM,Yarı Otomatik,Hibrit,2.015.000 TL
Volkswagen,Polo,1.4 Comfortline,2000,230.000 KM,Otomatik,LPG & benzin,335.000 TL
Volkswagen,Golf,1.6 TDi Comfortline,2016,165.000 KM,Otomatik,Dizel,1.350.000 TL
Hyundai,i20,1.0 T-GDI Jump,2026,20.629 KM,Otomatik,Benzin,1.347.000 TL
Mercedes - Benz,200,E,1990,480.000 KM,Düz,LPG & benzin,299.000 TL
Ford,Fiesta,1.4 TDCi Comfort,2006,337.000 KM,Düz,Dizel,287.500 TL
Fiat,Egea,1.3 Multijet Easy,2023,122.000 KM,Düz,Dizel,870.000 TL
Toyota,Corolla,1.33 Life,2017,89.900 KM,Düz,Benzin,1.119.000 TL
Chevrolet,Aveo,1.4 LT,2012,174.000 KM,Otomatik,LPG & benzin,725.000 TL
Volkswagen,Passat,1.6 TDi BlueMotion Comfortline,2016,172.000 KM,Yarı Otomatik,Dizel,1.765.000 TL
Opel,Corsa,1.2 Twinport Essentia,2011,157.000 KM,Otomatik,Benzin,629.000 TL
Fiat,Egea,1.3 Multijet Urban,2016,79.800 KM,Düz,Benzin,910.000 TL
Renault,Fluence,1.6 Extreme,2011,119.000 KM,Düz,Benzin,740.000 TL
Skoda,Octavia,1.4 TSI Sport,2018,214.000 KM,Yarı Otomatik,Benzin,1.299.000 TL
Honda,Civic,1.5 i-VTEC Executive Plus,2022,93.500 KM,Otomatik,Benzin,1.965.000 TL
Renault,Clio,1.5 dCi Expression,2008,210.000 KM,Yarı Otomatik,Dizel,550.000 TL
Skoda,Octavia,1.6 TDI Elegance CR,2013,255.000 KM,Otomatik,Dizel,1.025.000 TL
Dacia,Sandero,1.2 Ambiance,2016,235.000 KM,Düz,LPG & benzin,529.000 TL
Mercedes - Benz,280,SE,1984,156.000 KM,Düz,LPG & benzin,450.000 TL
Opel,Corsa,1.2 Twinport Essentia,2012,340.000 KM,Düz,LPG & benzin,395.000 TL
Hyundai,Getz,1.5 CRDi VGT,2008,261.000 KM,Düz,Dizel,349.500 TL
Opel,Corsa,1.2 T Ultimate,2023,31.152 KM,Otomatik,Benzin,1.379.000 TL
Fiat,Egea,1.4 Fire Urban Plus,2020,126.500 KM,Düz,Benzin,775.000 TL
Hyundai,Accent Blue,1.6 CRDI Biz,2014,250.000 KM,Otomatik,Dizel,749.000 TL
Peugeot,308,1.6 HDi Millesim,2010,230.000 KM,Otomatik,Dizel,600.000 TL
Renault,Clio,1.0 TCe Icon,2023,110.000 KM,Otomatik,Benzin,1.196.500 TL
Renault,Megane,1.5 dCi Touch,2017,133.000 KM,Düz,Dizel,1.100.000 TL
Fiat,Egea,1.4 Fire Easy Plus,2023,70.600 KM,Düz,Benzin,895.000 TL
Skoda,Octavia,1.0 e-Tec Premium,2023,81.000 KM,Yarı Otomatik,Hibrit,1.300.000 TL
Ford,Focus,1.6 TDCi Trend,2005,390.000 KM,Düz,Dizel,365.000 TL
Fiat,Egea,1.4 Fire Urban,2021,115.000 KM,Düz,Benzin,870.000 TL
Fiat,Linea,1.3 Multijet Active Plus,2011,340.000 KM,Düz,Dizel,364.999 TL
Renault,Talisman,1.6 dCi Icon,2016,141.000 KM,Yarı Otomatik,Dizel,1.400.000 TL
Fiat,Egea,1.3 Multijet Easy,2017,260.000 KM,Düz,Dizel,642.500 TL
Renault,Megane,1.5 dCi Touch,2017,189.000 KM,Yarı Otomatik,Dizel,1.162.500 TL
Hyundai,i10,1.2 D-CVVT Elite,2015,31.000 KM,Otomatik,Benzin,979.000 TL
Opel,Astra,1.3 CDTI Enjoy Active,2014,193.000 KM,Düz,Dizel,755.000 TL
Skoda,SuperB,1.6 TDI Prestige,2016,206.000 KM,Otomatik,Dizel,1.325.000 TL
Honda,Civic,1.6i VTEC Eco Elegance,2015,100.000 KM,Düz,Benzin,1.170.000 TL
Volkswagen,Jetta,1.6 TDi Comfortline,2014,233.000 KM,Yarı Otomatik,Dizel,820.000 TL
Volkswagen,Passat,1.5 TSi R Line,2023,63.000 KM,Yarı Otomatik,Benzin,1.979.900 TL
Volkswagen,Jetta,1.6 TDi Comfortline,2013,214.250 KM,Yarı Otomatik,Dizel,869.000 TL
Volkswagen,Passat,1.6 TDi BlueMotion Comfortline,2018,148.000 KM,Yarı Otomatik,Dizel,1.899.900 TL
Toyota,Corolla,1.6 Touch,2016,195.850 KM,Otomatik,LPG & benzin,1.185.000 TL
Volkswagen,Polo,1.0 Impression,2024,46.000 KM,Düz,Benzin,1.069.900 TL
Renault,Megane,1.5 Blue DCI Touch,2020,176.000 KM,Yarı Otomatik,Dizel,1.145.000 TL
Skoda,Favorit,1.3 LX,1993,265.000 KM,Düz,LPG & benzin,109.000 TL
Renault,Clio,1.2 Joy,2014,140.955 KM,Düz,Benzin,597.000 TL
Renault,Fluence,1.5 dCi Extreme,2012,310.000 KM,Düz,Dizel,495.000 TL
Opel,Astra,1.6 Twinport,2004,277.000 KM,Düz,LPG & benzin,425.000 TL
Kia,Picanto,1.1 EX,2006,286.000 KM,Düz,LPG & benzin,335.000 TL
Hyundai,Getz,1.4 DOHC AB AC,2007,145.000 KM,Otomatik,LPG & benzin,675.000 TL
Fiat,Egea,1.4 Fire Urban,2017,140.000 KM,Düz,Benzin,785.000 TL
Honda,Civic,1.6i VTEC Elegance,2007,355.600 KM,Otomatik,LPG & benzin,769.000 TL
Renault,Megane,1.6 Dynamique,2006,306.000 KM,Düz,LPG & benzin,370.000 TL
Citroen,e-C4 X,Max,2025,25.000 KM,Otomatik,Elektrik,1.799.000 TL
Kia,Ceed,1.6 CRDi Premium,2013,135.000 KM,Otomatik,Dizel,1.250.000 TL
Peugeot,206+,1.4 HDi Comfort,2011,343.000 KM,Düz,Dizel,325.000 TL
Volkswagen,Golf,1.0 eTSI Life,2021,131.000 KM,Yarı Otomatik,Hibrit,1.645.000 TL
Volkswagen,Polo,1.4 TDi Trendline,2003,258.600 KM,Düz,Dizel,275.000 TL
Opel,Insignia,1.6 CDTI Edition Elegance,2015,196.228 KM,Otomatik,Dizel,975.000 TL
Fiat,500 Ailesi,500L 1.3 Mjet Bi-Color,2013,173.000 KM,Düz,Dizel,759.000 TL
BMW,5 Serisi,520i M Sport,2017,169.000 KM,Otomatik,Benzin,2.740.000 TL
Opel,Corsa,1.2 Silverline,2006,190.000 KM,Düz,Benzin,415.000 TL
Peugeot,308,1.5 BlueHDI Style,2019,110.000 KM,Otomatik,Dizel,1.215.000 TL
Toyota,Corolla,1.4 D-4D Advance,2015,168.000 KM,Düz,Dizel,1.090.000 TL
Skoda,Octavia,1.2 TSI Ambition,2017,97.000 KM,Düz,Benzin,969.000 TL
Peugeot,301,1.6 HDi Active,2016,141.000 KM,Düz,Dizel,689.000 TL
Fiat,Egea,1.6 Multijet Easy,2021,99.000 KM,Düz,Dizel,885.000 TL
BMW,3 Serisi,320i ED Standart,2014,131.000 KM,Otomatik,Benzin,1.430.000 TL
Renault,Fluence,1.5 dCi Touch,2014,287.000 KM,Düz,Dizel,585.000 TL
Kia,Cerato,1.6 CRDi Concept Plus,2017,187.000 KM,Yarı Otomatik,Dizel,909.000 TL
Citroen,C-Elysée,1.5 BlueHDI Feel,2021,131.000 KM,Düz,Dizel,865.000 TL
Renault,Fluence,1.5 dCi Touch Plus,2013,238.000 KM,Yarı Otomatik,Dizel,775.000 TL
Volkswagen,Jetta,1.6 FSi Comfortline,2007,210.000 KM,Düz,Benzin,685.000 TL
Volkswagen,Jetta,1.4 TSi Highline,2012,178.250 KM,Düz,Benzin,960.000 TL
Renault,Clio,1.5 dCi SportTourer Joy,2013,167.000 KM,Düz,Dizel,730.000 TL
Peugeot,301,1.6 HDi Active,2017,233.000 KM,Düz,Dizel,625.000 TL
Renault,Symbol,1.5 dCi Joy,2016,284.000 KM,Düz,Dizel,570.000 TL
Mini,Cooper S,1.6 Cabrio,2009,216.000 KM,Düz,Benzin,760.000 TL
Seat,Leon,1.4 TSI Style,2013,210.000 KM,Düz,Benzin,865.000 TL
Renault,R 9,1.4 Broadway GTE,1994,500.000 KM,Düz,LPG & benzin,165.000 TL
BMW,3 Serisi,330i M Sport,2003,312.000 KM,Otomatik,Benzin,895.000 TL
BMW,5 Serisi,520i Comfort Plus,2018,180.000 KM,Otomatik,Benzin,2.450.000 TL
BMW,3 Serisi,316i Modern Line,2013,142.500 KM,Otomatik,Benzin,1.445.000 TL
Volkswagen,Jetta,1.6 TDi Comfortline,2014,234.000 KM,Otomatik,Dizel,715.000 TL
Peugeot,301,1.6 HDi Active,2017,200.000 KM,Düz,Dizel,705.000 TL
Peugeot,207,1.4 HDi Trendy,2008,279.000 KM,Düz,Dizel,410.000 TL
BMW,3 Serisi,320i ED M Plus,2014,214.000 KM,Otomatik,Benzin,1.447.500 TL
Opel,Astra,1.3 CDTI Sport,2013,279.000 KM,Düz,Benzin,645.000 TL
BMW,3 Serisi,320d xDrive Modern Line,2013,189.000 KM,Otomatik,Dizel,1.560.000 TL
Renault,Clio,1.0 SCe Joy,2021,110.000 KM,Düz,Benzin,830.000 TL
Tofaş,Şahin,1.4,1998,200.000 KM,Düz,LPG & benzin,183.500 TL
Volkswagen,Bora,1.6 Comfortline,2001,105.000 KM,Otomatik,Benzin,655.000 TL
BMW,3 Serisi,325Ci,1987,150.000 KM,Düz,Benzin,5.250.000 TL
Renault,Symbol,1.5 dCi Joy,2018,192.500 KM,Düz,Dizel,735.000 TL
Skoda,SuperB,1.5 TSI Laurin&Klement Crystal,2024,29.000 KM,Yarı Otomatik,Benzin,3.285.000 TL
Renault,Clio,1.5 dCi Joy,2018,130.000 KM,Düz,Dizel,885.000 TL
Volkswagen,Scirocco,1.4 TSi Sportline,2014,162.000 KM,Düz,Benzin,1.215.000 TL
Renault,Clio,1.0 TCe Evolution,2025,38.000 KM,Otomatik,Benzin,1.340.000 TL
Audi,A3,A3 Sedan 35 TFSI Advanced,2024,64.000 KM,Otomatik,Hibrit,2.620.000 TL
Citroen,C-Elysée,1.6 HDi Attraction,2014,211.500 KM,Düz,Dizel,629.000 TL
Audi,A6,A6 Sedan 2.0 TDI Quattro,2016,345.000 KM,Yarı Otomatik,Dizel,2.175.000 TL
Toyota,Corolla,1.4 D-4D Touch,2018,116.000 KM,Otomatik,Dizel,1.250.000 TL
Volkswagen,Passat,1.6 TDi BlueMotion Comfortline,2014,204.000 KM,Yarı Otomatik,Dizel,1.565.000 TL
Hyundai,i20,1.4 MPI Style Plus,2021,71.000 KM,Otomatik,Benzin,1.280.000 TL
Seat,Leon,1.9 TDI Cupra,2008,273.000 KM,Düz,Dizel,700.000 TL
Tofaş,Doğan,L,1992,103.000 KM,Düz,LPG & benzin,165.000 TL
Seat,Leon,1.4 TSI FR,2014,215.000 KM,Düz,Benzin,1.225.000 TL
BMW,3 Serisi,320i ED 40th Year Edition,2015,209.000 KM,Otomatik,Benzin,1.675.000 TL
Toyota,Corolla,1.5 Vision Plus,2023,45.000 KM,Otomatik,Benzin,1.495.000 TL
Hyundai,i30,1.6 CRDi Style Plus,2009,256.000 KM,Otomatik,Dizel,699.000 TL
Seat,Leon,1.2 TSI Style,2018,159.000 KM,Yarı Otomatik,Benzin,1.229.000 TL
Volkswagen,Polo,1.4 TDi Trendline,2005,245.000 KM,Düz,Dizel,415.000 TL
Toyota,Yaris,1.5 Fun Special,2017,98.800 KM,Otomatik,Benzin,1.147.000 TL
Toyota,Corolla,1.4 D-4D Premium,2016,220.000 KM,Otomatik,Dizel,775.000 TL
Opel,Astra,1.6 Edition Plus,2017,128.000 KM,Düz,LPG & benzin,875.000 TL
Peugeot,301,1.6 HDi Active,2015,204.000 KM,Düz,Dizel,530.000 TL
Fiat,Uno,70 S,1999,251.100 KM,Düz,LPG & benzin,129.000 TL
Fiat,Egea,1.3 Multijet Easy,2023,51.000 KM,Düz,Dizel,999.000 TL
Dacia,Sandero,1.0 TCe Extreme,2024,22.000 KM,Yarı Otomatik,Benzin,1.289.000 TL
Renault,Clio,1.0 TCe Touch,2020,75.000 KM,Otomatik,Benzin,968.000 TL
Opel,Astra,1.6 Elegance,2003,368.000 KM,Düz,LPG & benzin,520.000 TL
Toyota,Corolla,1.6 Comfort,2009,170.000 KM,Düz,LPG & benzin,740.000 TL
Opel,Astra,1.3 CDTI Essentia,2011,185.000 KM,Düz,Dizel,625.000 TL
Fiat,Egea,1.4 Fire Easy,2021,159.000 KM,Düz,Benzin,730.000 TL
Volkswagen,Golf,1.6 FSi Comfortline,2006,123.000 KM,Otomatik,Benzin,745.000 TL
Toyota,Auris,1.4 D-4D Elegant,2007,245.000 KM,Yarı Otomatik,Dizel,720.000 TL
Renault,Megane,1.5 dCi Touch,2017,191.300 KM,Yarı Otomatik,Dizel,1.075.000 TL
Renault,Clio,1.0 TCe Evolution,2025,40.000 KM,Otomatik,Benzin,1.299.000 TL
Renault,Fluence,1.6 Business,2011,218.000 KM,Düz,LPG & benzin,679.750 TL
Volkswagen,Passat,1.5 TSi Impression,2022,57.000 KM,Yarı Otomatik,Benzin,1.965.000 TL
Renault,Fluence,1.5 dCi Touch,2014,352.000 KM,Yarı Otomatik,Dizel,580.000 TL
Renault,Clio,1.0 TCe Joy,2023,17.500 KM,Otomatik,Benzin,1.275.000 TL
Tofaş,Doğan,SLX ie,2001,100.000 KM,Düz,Benzin,295.000 TL
Renault,Clio,1.4 Alize,2004,180.000 KM,Düz,LPG & benzin,407.500 TL
Hyundai,i20,1.2 MPI Style,2018,105.000 KM,Düz,Benzin,1.049.000 TL
Ford,Focus,1.6 Ti-VCT Trend X,2015,219.000 KM,Otomatik,LPG & benzin,869.000 TL
Honda,Civic,1.6i VTEC Eco Elegance,2019,48.000 KM,Otomatik,Benzin,1.687.000 TL
Fiat,Egea,1.3 Multijet Easy,2023,84.000 KM,Düz,Dizel,999.000 TL
Fiat,Egea,1.3 Multijet Easy,2023,52.500 KM,Düz,Dizel,1.019.000 TL
Fiat,Egea,1.3 Multijet Easy,2024,80.800 KM,Düz,Dizel,927.000 TL
Fiat,Egea,1.3 Multijet Easy,2023,167.000 KM,Düz,Dizel,890.000 TL
Fiat,Egea,1.3 Multijet Easy,2022,123.000 KM,Düz,Dizel,910.000 TL
Fiat,Egea,1.3 Multijet Easy,2020,138.000 KM,Düz,Dizel,835.000 TL
Fiat,Egea,1.3 Multijet Easy,2020,158.000 KM,Düz,Dizel,749.000 TL
Dacia,Sandero,1.0 TCe Prestige,2021,42.000 KM,Otomatik,Benzin,1.195.000 TL
Fiat,Egea,1.4 Fire Easy Plus,2024,52.000 KM,Düz,Benzin,975.000 TL
Dacia,Lodgy,1.5 BlueDCI Laureate,2019,166.000 KM,Düz,Dizel,969.750 TL
Cupra,Leon,1.5 eTSI Standart,2023,27.000 KM,Yarı Otomatik,Hibrit,2.150.000 TL
Fiat,Egea,1.6 Multijet Easy,2025,33.000 KM,Düz,Dizel,1.260.000 TL
Citroen,e-C3,Plus,2025,7.900 KM,Otomatik,Elektrik,1.415.000 TL
Audi,A6,A6 Sedan 45 TFSI Quattro S Line,2025,61.000 KM,Yarı Otomatik,Hibrit,5.975.000 TL
Renault,Clio,1.5 dCi Touch,2015,188.000 KM,Düz,Dizel,745.000 TL
Opel,Astra,1.4 T Edition Plus,2020,54.000 KM,Otomatik,Benzin,1.265.000 TL
Honda,Civic,1.6i VTEC ES,2002,248.000 KM,Düz,Benzin,535.000 TL
Volvo,S60,1.5 T3 Advance,2016,108.000 KM,Otomatik,Benzin,1.499.900 TL
Ford,Focus,1.5 EcoBlue Titanium Stil,2024,43.170 KM,Otomatik,Dizel,1.795.000 TL
Volkswagen,Passat,1.4 TSi BlueMotion Comfortline,2015,179.265 KM,Otomatik,Benzin,1.550.000 TL
Ford,Focus,1.6 TDCi Style,2012,173.000 KM,Düz,Dizel,749.000 TL
Volkswagen,Golf,1.6 TDi BlueMotion Highline,2012,245.000 KM,Otomatik,Dizel,899.000 TL
Volkswagen,Passat,1.4 TSi BlueMotion Comfortline,2012,195.000 KM,Otomatik,Benzin,1.150.000 TL
Hyundai,Accent Blue,1.4 D-CVVT Mode Plus,2014,119.500 KM,Düz,Benzin,795.000 TL
BMW,3 Serisi,320i ED Sport Line,2015,220.000 KM,Otomatik,Benzin,1.325.000 TL
Mazda,626,2.0 S,1990,250.000 KM,Düz,Benzin,150.000 TL
Fiat,Egea,1.4 Fire Easy,2023,48.000 KM,Düz,LPG & benzin,919.000 TL
Renault,Megane,1.5 dCi Authentique,2008,265.000 KM,Düz,Dizel,450.000 TL
Mercedes - Benz,A,A 180 CDI BlueEfficiency AMG Sport,2014,225.000 KM,Yarı Otomatik,Dizel,1.125.000 TL
Opel,Astra,1.6 Edition,2015,110.000 KM,Yarı Otomatik,Benzin,795.000 TL
Volkswagen,Golf,1.6 FSi Goal,2007,232.000 KM,Düz,Benzin,595.000 TL
Toyota,Corolla,1.4 D-4D Comfort Extra,2012,96.750 KM,Yarı Otomatik,Dizel,1.080.000 TL
Mercedes - Benz,C,C 180 Exclusive,2014,200.000 KM,Otomatik,Benzin,1.990.000 TL
Hyundai,i20 Active,1.4 MPi Elite,2017,85.000 KM,Otomatik,Benzin,1.145.000 TL
Ford,Focus,1.6 Ti-VCT Titanium,2012,47.000 KM,Yarı Otomatik,Benzin,935.000 TL
Volkswagen,Jetta,1.6 TDi Comfortline,2014,213.000 KM,Düz,Dizel,1.159.000 TL
Volkswagen,Polo,1.2 TSi Lounge,2015,153.000 KM,Yarı Otomatik,Benzin,1.115.000 TL
Renault,Clio,1.0 SCe Joy,2021,100.000 KM,Düz,Benzin,785.000 TL
Volkswagen,Passat,1.6 TDi BlueMotion Impression,2017,238.500 KM,Yarı Otomatik,Dizel,1.180.000 TL
Kia,Rio,1.4 CVVT Fancy,2012,218.000 KM,Otomatik,LPG & benzin,810.000 TL
Audi,A3,A3 Sedan 1.6 TDI Ambition,2014,290.000 KM,Otomatik,Dizel,1.225.000 TL
Volkswagen,Polo,1.4 TDi Trendline,2015,230.000 KM,Düz,Dizel,594.000 TL
Toyota,Corolla,1.4 Linea Terra,2002,229.500 KM,Düz,Benzin,489.750 TL
Volvo,S60,1.5 T3 Advance,2018,109.000 KM,Otomatik,Benzin,1.625.000 TL
Volkswagen,Polo,1.4 Comfortline,2010,170.000 KM,Otomatik,Benzin,925.000 TL
BMW,3 Serisi,320i ED M Plus,2015,243.000 KM,Otomatik,Benzin,1.390.000 TL
Fiat,Egea,1.4 Fire Easy,2019,163.000 KM,Düz,Benzin,675.000 TL
Volkswagen,Golf,1.0 TSi Midline Plus,2017,198.000 KM,Düz,Benzin,1.040.000 TL
Opel,Insignia,1.6 CDTI Edition Elegance,2016,153.000 KM,Otomatik,Dizel,1.100.000 TL
BMW,5 Serisi,520i Comfort,2015,197.000 KM,Otomatik,Benzin,1.579.000 TL
Mercedes - Benz,A,A 200 AMG,2023,83.500 KM,Yarı Otomatik,Hibrit,2.820.000 TL
Seat,Leon,1.5 EcoTSI FR,2020,89.000 KM,Yarı Otomatik,Benzin,1.345.000 TL
Renault,Megane,1.2 TCe Icon,2017,89.000 KM,Yarı Otomatik,Benzin,1.299.000 TL
Renault,Symbol,1.5 dCi Joy,2013,200.000 KM,Düz,Dizel,509.000 TL
Renault,Clio,1.5 dCi Grandtour Extreme,2012,325.000 KM,Düz,Dizel,465.000 TL
Renault,Clio,1.0 TCe Joy,2021,96.000 KM,Otomatik,Benzin,1.055.000 TL
Volkswagen,Polo,1.4 Comfortline,2004,290.000 KM,Düz,Benzin,390.000 TL
Mercedes - Benz,CLA,200 AMG,2023,38.000 KM,Otomatik,Hibrit,3.290.000 TL
Fiat,Egea,1.6 Multijet Easy,2024,67.000 KM,Otomatik,Dizel,1.229.000 TL
Renault,Clio,1.2 Joy,2014,73.000 KM,Düz,Benzin,749.000 TL
Volkswagen,Passat,1.6 TDi BlueMotion Comfortline,2013,191.000 KM,Yarı Otomatik,Dizel,1.170.000 TL
Renault,Clio,1.2 Joy,2015,101.000 KM,Düz,Benzin,760.000 TL
Volkswagen,Jetta,1.2 TSi BlueMotion Comfortline,2016,111.000 KM,Otomatik,Benzin,1.350.000 TL
Renault,Megane,1.5 dCi Touch,2019,272.000 KM,Yarı Otomatik,Dizel,1.065.000 TL
Volkswagen,Passat,1.6 TDi BlueMotion Comfortline,2014,217.000 KM,Yarı Otomatik,Dizel,1.090.000 TL
Tofaş,Şahin,S,1995,99.500 KM,Düz,LPG & benzin,148.500 TL
Volvo,S40,1.6 D,2007,230.000 KM,Düz,Dizel,618.500 TL
Fiat,500 Ailesi,500L 1.3 Mjet PopStar,2015,163.000 KM,Düz,Dizel,790.000 TL
Fiat,Albea,1.3 Multijet Active,2005,448.000 KM,Düz,Dizel,248.000 TL
Renault,Fluence,1.5 dCi Extreme,2012,234.000 KM,Yarı Otomatik,Dizel,689.000 TL
Volvo,S60,1.6 D Premium,2014,268.000 KM,Otomatik,Dizel,879.000 TL
Volkswagen,Polo,1.0 TSi Comfortline,2017,109.000 KM,Otomatik,Benzin,1.200.000 TL
Mercedes - Benz,E,200 d Exclusive,2022,184.000 KM,Otomatik,Dizel,3.790.000 TL
Mercedes - Benz,E,250 D Standart,1985,288.000 KM,Düz,Dizel,385.000 TL
Volkswagen,Passat,1.4 TSi BlueMotion Comfortline,2018,100.000 KM,Düz,Benzin,1.750.000 TL
Mercedes - Benz,E,220 CDI Avantgarde,2008,432.000 KM,Otomatik,Dizel,1.250.000 TL
Fiat,Egea,1.6 Multijet Urban,2017,119.000 KM,Yarı Otomatik,Dizel,925.000 TL
BMW,5 Serisi,520i M Sport,2022,151.000 KM,Otomatik,Benzin,3.300.000 TL
Opel,Astra,1.3 CDTI Enjoy,2009,117.000 KM,Düz,Dizel,690.000 TL
Ford,Focus,1.6 TDCi Titanium,2013,245.500 KM,Düz,Dizel,625.000 TL
Skoda,Felicia,1.3 LX,2001,210.000 KM,Düz,LPG & benzin,213.750 TL
Renault,Megane,1.6 Joy,2018,119.000 KM,Düz,LPG & benzin,1.075.000 TL
Renault,Clio,1.0 TCe Techno Esprit Alpine,2024,53.000 KM,Otomatik,Benzin,1.385.000 TL
Honda,Civic,1.5 i-VTEC Eco Elegance,2021,98.000 KM,Otomatik,LPG & benzin,1.800.000 TL
Audi,A3,A3 Sedan 1.6 TDI Attraction,2015,189.000 KM,Yarı Otomatik,Dizel,1.340.000 TL
Opel,Astra,1.6 CD,2000,266.000 KM,Düz,LPG & benzin,430.000 TL
Renault,Clio,1.0 TCe Joy,2022,56.000 KM,Otomatik,Benzin,1.085.000 TL
Hyundai,i20,1.4 CRDi Jump,2015,221.000 KM,Düz,Dizel,690.000 TL
Renault,Clio,1.0 SCe Joy,2022,190.000 KM,Düz,Benzin,715.000 TL
Tofaş,Şahin,Şahin 5 Vites,1992,286.000 KM,Düz,LPG & benzin,60.000 TL
Mercedes - Benz,A,A 180 Style,2020,75.000 KM,Yarı Otomatik,Benzin,2.075.000 TL
Ford,Focus,1.6 TDCi Style,2012,211.000 KM,Düz,Dizel,810.000 TL
Renault,Megane,1.6 RTE,2000,215.000 KM,Düz,Benzin,465.000 TL
Mini,Cooper,1.6 Türkiye Paketi,2010,127.000 KM,Otomatik,Benzin,949.000 TL
Renault,Clio,1.5 dCi SportTourer Joy,2018,201.500 KM,Düz,Dizel,735.000 TL
Ford,Fiesta,1.4 TDCi Collection,2008,205.000 KM,Düz,Dizel,435.000 TL
Fiat,Egea,1.4 Fire Easy Stil,2020,129.000 KM,Düz,Benzin,835.000 TL
Renault,Clio,1.5 dCi SportTourer Joy,2019,188.300 KM,Yarı Otomatik,Dizel,850.000 TL
BMW,3 Serisi,320i 50th Year M Edition,2022,40.000 KM,Otomatik,Benzin,4.120.000 TL
Volvo,S60,1.6 T4 Premium,2012,151.000 KM,Otomatik,LPG & benzin,1.155.000 TL
Opel,Vectra,1.6 Design Edition,2005,285.000 KM,Düz,LPG & benzin,439.000 TL
Hyundai,Accent Era,1.4 Team,2010,134.000 KM,Düz,LPG & benzin,745.000 TL
Fiat,Egea,1.6 Multijet Easy,2020,185.000 KM,Otomatik,Dizel,879.000 TL
Hyundai,i20,1.0 T-GDI Style,2019,120.800 KM,Yarı Otomatik,Benzin,1.149.000 TL
Peugeot,106,XR,1998,256.000 KM,Düz,LPG & benzin,185.000 TL
Opel,Astra,1.3 CDTI Cosmo,2008,370.000 KM,Düz,Dizel,310.000 TL
Renault,Megane,1.3 TCe Joy,2021,81.000 KM,Otomatik,Benzin,1.240.000 TL
Volkswagen,Polo,1.4 Basicline,2004,197.000 KM,Düz,Benzin,449.000 TL
Volkswagen,Golf,1.6 Sportline,2005,332.000 KM,Otomatik,LPG & benzin,575.000 TL
Ford,Fiesta,1.5 TDCi Trend,2016,68.000 KM,Düz,Dizel,847.500 TL
Tofaş,Doğan,SLX,1992,250.000 KM,Düz,LPG & benzin,95.000 TL
Volkswagen,Golf,1.6 Comfortline,2001,330.000 KM,Düz,LPG & benzin,415.000 TL
Audi,A6,A6 Sedan 2.0 TDI,2012,238.000 KM,Otomatik,Dizel,1.550.000 TL
Hyundai,i20,1.4 MPI Style,2023,83.000 KM,Otomatik,Benzin,1.349.500 TL
Skoda,Rapid,1.4 TDI Style,2017,249.000 KM,Otomatik,Dizel,895.000 TL
Toyota,Yaris,1.0 Terra,2006,116.000 KM,Otomatik,Benzin,639.000 TL
Hyundai,Elantra,1.6 D-CVVT Style,2017,75.000 KM,Düz,Benzin,1.295.000 TL
Fiat,Egea,1.4 Fire Urban,2023,47.000 KM,Düz,Benzin,969.999 TL
Audi,A3,A3 Sportback 35 TFSI Advanced,2021,147.000 KM,Yarı Otomatik,Hibrit,2.165.000 TL
Nissan,Micra,1.2 Match,2016,128.000 KM,Düz,Benzin,755.000 TL
Fiat,500 Ailesi,500L 1.3 Mjet Panoramic Edition,2013,169.000 KM,Yarı Otomatik,Dizel,877.000 TL
BMW,3 Serisi,320i ED 40th Year Edition,2016,228.000 KM,Otomatik,Benzin,1.595.000 TL
Skoda,Scala,1.0 TSI Elite,2022,139.000 KM,Yarı Otomatik,Benzin,1.275.000 TL
Renault,Fluence,1.5 dCi Touch,2014,275.000 KM,Yarı Otomatik,Dizel,685.000 TL
Hyundai,i20,1.2 MPI Jump,2016,317.000 KM,Düz,Benzin,585.000 TL
Dacia,Sandero,1.0 Ambiance,2019,66.000 KM,Düz,Benzin,645.000 TL
BMW,3 Serisi,320i Sport Line,2022,97.000 KM,Otomatik,Benzin,3.100.000 TL
Tofaş,Doğan,SLX ie,1999,213.000 KM,Düz,LPG & benzin,251.500 TL
Audi,A3,A3 Sportback 1.6 TDI Attraction,2013,181.000 KM,Otomatik,Dizel,1.120.000 TL
Renault,Megane,1.6 RTE,1998,292.000 KM,Düz,LPG & benzin,249.000 TL
Renault,Clio,1.5 dCi SportTourer Joy,2013,229.000 KM,Düz,Dizel,660.000 TL
Renault,Laguna,1.6 Privilege,2004,345.000 KM,Düz,LPG & benzin,449.500 TL
Renault,Clio,1.0 TCe Touch,2021,77.000 KM,Otomatik,Benzin,1.189.000 TL
Renault,Clio,1.0 TCe Touch,2020,130.000 KM,Otomatik,Benzin,1.130.000 TL
Ford,C-Max,1.6 TDCi Titanium,2010,187.500 KM,Düz,Dizel,665.000 TL
Volkswagen,Passat,1.6 TDi BlueMotion Comfortline,2014,349.000 KM,Yarı Otomatik,Dizel,865.000 TL
Toyota,Auris,1.33 Comfort,2012,141.000 KM,Düz,Benzin,745.000 TL
Volkswagen,Jetta,1.4 TSi BlueMotion Highline,2016,143.000 KM,Otomatik,Benzin,1.219.900 TL
Dacia,Logan,1.4 Ambiance,2005,172.000 KM,Düz,LPG & benzin,425.000 TL
Peugeot,206,1.4 Comfort,2009,258.000 KM,Düz,LPG & benzin,300.000 TL
BMW,3 Serisi,320d Standart,2012,203.000 KM,Otomatik,Dizel,990.000 TL
Renault,Megane,1.5 Blue DCI Icon,2020,121.500 KM,Otomatik,Dizel,1.465.000 TL
Mercedes - Benz,A,A 180 CDI BlueEfficiency AMG,2016,137.400 KM,Otomatik,Dizel,1.660.000 TL
Mercedes - Benz,C,C 180 Style,2016,217.000 KM,Otomatik,Benzin,1.399.000 TL
Renault,Clio,1.5 dCi Icon,2017,115.000 KM,Otomatik,Dizel,1.070.000 TL
Audi,A3,A3 Sportback 1.6 TDI Attraction,2012,256.000 KM,Yarı Otomatik,Dizel,1.200.000 TL
Hyundai,i20,1.2 D-CVVT Sense,2013,156.000 KM,Düz,Benzin,639.000 TL
Seat,Leon,1.6 TDI CR Style,2014,183.000 KM,Otomatik,Dizel,1.100.000 TL
Renault,Clio,1.5 dCi Icon,2015,126.000 KM,Düz,Dizel,829.000 TL
Ford,Fiesta,1.4 TDCi Trend,2010,250.000 KM,Düz,Dizel,485.000 TL
Volkswagen,Golf,1.6 Comfortline,1997,56.000 KM,Düz,LPG & benzin,290.000 TL
BMW,3 Serisi,318i Standart,1994,375.000 KM,Düz,LPG & benzin,275.000 TL
Honda,Civic,1.6 Si,1994,370.000 KM,Düz,LPG & benzin,260.000 TL
Toyota,Corolla,1.5 Flame X-Pack,2021,57.000 KM,Otomatik,Benzin,1.575.000 TL
Hyundai,i20,1.4 MPI Elite,2021,100.000 KM,Otomatik,Benzin,1.364.750 TL
Hyundai,Accent Blue,1.4 CVVT Prime,2012,124.000 KM,Düz,LPG & benzin,869.500 TL
Renault,Fluence,1.6 Dynamique,2011,128.000 KM,Otomatik,Benzin,710.000 TL
Hyundai,i20,1.4 CRDi Style,2015,162.500 KM,Düz,Dizel,855.000 TL
Opel,Corsa,1.4 GLS,1998,191.000 KM,Düz,Benzin,345.000 TL
Renault,Talisman,1.6 dCi Icon,2016,111.000 KM,Otomatik,Dizel,1.549.900 TL
Ford,Focus,1.5 TDCi Titanium,2016,148.000 KM,Yarı Otomatik,Dizel,1.310.000 TL
Hyundai,i20,1.0 T-GDI Elite,2026,15.000 KM,Otomatik,Benzin,1.555.000 TL
Dacia,Sandero,1.5 dCi Stepway,2014,194.942 KM,Düz,Dizel,735.000 TL
Ford,Focus,1.5 TDCi Titanium,2017,280.500 KM,Otomatik,Dizel,1.089.000 TL
Ford,Fiesta,1.4 TDCi Comfort,2004,265.000 KM,Otomatik,Dizel,449.000 TL
Opel,Astra,1.6 Essentia,2013,204.285 KM,Düz,LPG & benzin,590.000 TL
Fiat,Albea,Sole 1.3 Multijet Active,2007,280.000 KM,Düz,Dizel,370.000 TL
Audi,A4,A4 Sedan 2.0 TDI,2006,405.000 KM,Otomatik,Dizel,599.000 TL
BMW,5 Serisi,520d M Sport,2007,440.000 KM,Otomatik,Dizel,990.750 TL
Audi,A6,A6 Sedan 2.0 TDI,2015,252.000 KM,Yarı Otomatik,Dizel,1.850.000 TL
Hyundai,i20,1.0 T-GDI Style,2024,39.000 KM,Yarı Otomatik,Benzin,1.325.000 TL
Ford,Focus,1.5 EcoBlue Trend X,2023,111.751 KM,Otomatik,Dizel,1.430.000 TL
Audi,A3,A3 Sportback 1.6 TDI Ambition,2012,176.000 KM,Yarı Otomatik,Dizel,1.099.000 TL
Dacia,Logan,1.6 MCV Ambiance,2016,360.000 KM,Düz,LPG & benzin,375.000 TL
Seat,Ibiza,1.0 Style,2017,114.000 KM,Düz,Benzin,875.000 TL
BMW,3 Serisi,320i Edition M Sport,2023,35.000 KM,Otomatik,Benzin,4.050.000 TL
Renault,Clio,1.0 TCe Joy,2022,73.400 KM,Otomatik,Benzin,1.110.000 TL
Opel,Astra,1.4 T Edition Plus,2020,50.000 KM,Düz,Benzin,1.135.000 TL
Honda,Civic,1.6i VTEC Eco Executive,2019,120.000 KM,Otomatik,LPG & benzin,1.429.950 TL
Ford,Fiesta,1.4 TDCi Trend,2011,256.400 KM,Düz,Dizel,550.000 TL
Dacia,Logan,1.4 Ambiance,2009,208.000 KM,Düz,Benzin,395.000 TL
BMW,3 Serisi,320d Premium,2010,189.900 KM,Otomatik,Dizel,1.190.000 TL
Audi,A5,A5 Sportback 2.0 TDI Quattro Sport,2018,250.000 KM,Otomatik,Dizel,2.475.000 TL
Volkswagen,Polo,1.2 TSi Comfortline,2014,170.000 KM,Düz,Benzin,859.000 TL
Tofaş,Şahin,1.6,1991,126.000 KM,Düz,LPG & benzin,187.500 TL
Honda,Civic,1.6i VTEC Eco Elegance,2012,98.000 KM,Otomatik,Benzin,1.239.000 TL
Mercedes - Benz,A,A 200 AMG,2021,86.000 KM,Yarı Otomatik,Benzin,2.500.000 TL
Citroen,C5,1.6 HDi SX,2008,325.000 KM,Düz,Dizel,475.000 TL
Fiat,Egea,1.3 Multijet Easy Plus,2023,102.000 KM,Düz,Dizel,900.000 TL
Peugeot,301,1.5 BlueHDI Allure,2020,255.000 KM,Düz,Dizel,690.000 TL
Toyota,Corolla,1.8 Hybrid Flame,2020,196.000 KM,Otomatik,Hibrit,1.255.500 TL
Hyundai,i20,1.0 T-GDI Jump,2025,25.000 KM,Otomatik,Benzin,1.145.000 TL
Kia,Picanto,1.1 Hiper,2011,97.000 KM,Otomatik,Benzin,619.000 TL
Dacia,Sandero,1.5 dCi Stepway,2011,115.000 KM,Düz,Dizel,719.000 TL
Opel,Corsa,1.2 Twinport Essentia,2005,274.000 KM,Düz,Benzin,385.000 TL
BMW,3 Serisi,320i ED M Plus,2014,262.000 KM,Otomatik,Benzin,1.315.000 TL
Peugeot,206,1.4 X-Design,2006,272.000 KM,Düz,LPG & benzin,329.000 TL
Fiat,Egea,1.3 Multijet Easy,2023,120.720 KM,Düz,Dizel,885.000 TL
Chevrolet,Aveo,1.3 D LTZ,2012,390.000 KM,Düz,Dizel,400.000 TL
Honda,Civic,1.6i VTEC Elegance,2007,300.000 KM,Otomatik,LPG & benzin,800.000 TL
Tofaş,Şahin,1.6,1995,220.000 KM,Düz,LPG & benzin,155.000 TL
Toyota,Corolla,1.5 Flame X-Pack,2023,90.000 KM,Otomatik,Benzin,1.629.900 TL
Mercedes - Benz,E,200 AMG,2016,199.000 KM,Otomatik,Benzin,2.580.000 TL
Opel,Corsa,1.2 Innovation,2020,65.000 KM,Düz,Benzin,839.000 TL
Skoda,SuperB,1.6 TDI Prestige,2015,248.500 KM,Otomatik,Dizel,1.485.000 TL
BMW,5 Serisi,520d Premium,2012,305.000 KM,Otomatik,Dizel,1.490.000 TL
Fiat,Palio,1.2 EL Speedgear,2003,282.000 KM,Yarı Otomatik,Benzin,395.000 TL
Citroen,AMİ,Pop,2024,11.350 KM,Otomatik,Elektrik,455.000 TL
Audi,A3,A3 Sedan 1.6 TDI Sport Line,2018,112.000 KM,Yarı Otomatik,Dizel,1.880.000 TL
Volkswagen,Golf,1.6 TDi Comfortline,2012,216.600 KM,Düz,Dizel,939.500 TL
Skoda,Octavia,1.0 e-Tec Elite,2024,69.000 KM,Yarı Otomatik,Hibrit,1.675.000 TL
Renault,Megane,1.5 dCi Dynamique,2012,194.000 KM,Düz,Dizel,728.000 TL
Mercedes - Benz,C,C 200 AMG,2023,46.000 KM,Otomatik,Hibrit,4.145.000 TL
Daihatsu,Applause,1.6 X,1990,250.000 KM,Düz,LPG & benzin,165.000 TL
Citroen,C-Elysée,1.6 HDi Exclusive,2016,156.800 KM,Düz,Dizel,660.000 TL
Hyundai,Elantra,1.6 D-CVVT Style,2017,112.000 KM,Otomatik,LPG & benzin,1.340.000 TL
Volkswagen,Passat,1.6 TDi BlueMotion Impression,2017,223.000 KM,Yarı Otomatik,Dizel,1.385.000 TL
Audi,A3,A3 Sportback 1.6 TDI Attraction,2016,163.000 KM,Yarı Otomatik,Benzin,1.285.000 TL
Dacia,Sandero,1.5 dCi Stepway,2017,132.000 KM,Yarı Otomatik,Dizel,950.000 TL
Opel,Corsa,1.0 Color Edition,2015,130.000 KM,Düz,Benzin,755.750 TL
Chevrolet,Cruze,1.6 LS,2011,224.000 KM,Düz,LPG & benzin,498.500 TL
BMW,3 Serisi,316i Standart,2007,70.658 KM,Düz,Benzin,1.125.000 TL
Renault,Megane,1.5 Blue DCI Touch,2021,89.500 KM,Otomatik,Dizel,1.055.000 TL
BMW,3 Serisi,320i,2000,387.000 KM,Düz,LPG & benzin,395.000 TL
Toyota,Corolla,1.33 Life,2014,104.000 KM,Düz,Benzin,980.000 TL
Volkswagen,Polo,1.0 TSi Comfortline,2017,107.000 KM,Yarı Otomatik,Benzin,1.109.900 TL
Fiat,Linea,1.3 Multijet Urban,2012,271.000 KM,Düz,Dizel,540.000 TL
Mercedes - Benz,C,C 200 AMG,2022,96.000 KM,Otomatik,Benzin,3.600.000 TL
Tofaş,Doğan,L,1992,200.000 KM,Düz,LPG & benzin,111.000 TL
Renault,Megane,1.5 Blue DCI Touch,2020,141.000 KM,Yarı Otomatik,Dizel,1.275.000 TL
Audi,A6,A6 Sedan 2.0 TDI,2013,548.000 KM,Otomatik,Dizel,1.450.000 TL
Toyota,Corolla,1.4 D-4D Touch,2015,136.000 KM,Yarı Otomatik,Dizel,1.250.000 TL
Renault,Clio,1.5 dCi SportTourer Icon,2016,178.000 KM,Otomatik,Dizel,920.000 TL
Renault,Megane,1.5 dCi Dynamique,2005,265.000 KM,Düz,Dizel,369.000 TL
Renault,Clio,1.0 TCe Touch,2021,178.000 KM,Otomatik,Benzin,968.000 TL
Ford,Focus,1.6 Ghia,2000,328.000 KM,Düz,LPG & benzin,410.000 TL
Renault,Clio,1.2 TCe Icon,2015,180.000 KM,Otomatik,Benzin,925.000 TL
Volkswagen,Polo,1.4 TDi Comfortline,2016,276.000 KM,Yarı Otomatik,Dizel,750.000 TL
Fiat,Egea,1.3 Multijet Easy,2020,154.000 KM,Düz,Dizel,715.000 TL
Opel,Vectra,2.0 CD,1996,420.000 KM,Düz,LPG & benzin,215.000 TL
Audi,A3,A3 Sportback 1.0 TFSI Dynamic,2018,152.000 KM,Yarı Otomatik,Benzin,1.490.000 TL
Renault,R 9,1.4 Broadway,1992,360.000 KM,Düz,LPG & benzin,160.000 TL
Opel,Insignia,1.5 d Edition,2021,137.000 KM,Otomatik,Dizel,1.325.000 TL
Fiat,Linea,1.3 Multijet Active Plus,2015,281.000 KM,Düz,Dizel,555.000 TL
Fiat,500 Ailesi,500L 1.3 Mjet RockStar,2016,183.000 KM,Yarı Otomatik,Dizel,895.000 TL
Renault,Clio,1.0 TCe Joy,2023,53.000 KM,Düz,Benzin,1.015.000 TL
Fiat,Egea,1.3 Multijet Easy,2017,50.000 KM,Düz,Dizel,890.900 TL
Renault,Taliant,1.0 T Joy,2022,66.000 KM,Otomatik,Benzin,1.060.000 TL
Renault,Taliant,1.0 T Joy,2022,145.000 KM,Otomatik,Benzin,859.000 TL
Volvo,S80,2.0 D Premium,2012,340.000 KM,Otomatik,Dizel,849.000 TL
Renault,Clio,1.0 SCe Joy,2022,56.000 KM,Düz,Benzin,865.000 TL
Ford,Focus,1.5 TDCi Trend X,2021,97.000 KM,Otomatik,Dizel,1.275.000 TL
Opel,Corsa,1.4 Twinport Enjoy,2012,154.000 KM,Düz,Benzin,565.000 TL
Honda,Civic,1.6i VTEC Eco Elegance,2019,155.000 KM,Otomatik,Benzin,1.439.000 TL
Ford,Focus,1.6 Comfort,2005,255.000 KM,Düz,LPG & benzin,565.000 TL
Volkswagen,Polo,1.2 TSi Comfortline,2015,88.000 KM,Yarı Otomatik,Benzin,1.125.000 TL
Opel,Astra,1.6 Edition Plus,2017,51.700 KM,Düz,Benzin,970.000 TL
Fiat,Albea,Sole 1.3 Multijet Active,2009,390.000 KM,Düz,Dizel,235.000 TL
Hyundai,Accent Era,1.5 CRDi Team,2010,273.000 KM,Düz,Dizel,480.000 TL
BMW,3 Serisi,320i 50th Year M Edition,2023,120.000 KM,Otomatik,Benzin,3.348.750 TL
Fiat,Egea,1.3 Multijet Easy,2017,99.000 KM,Düz,Dizel,827.750 TL
Volkswagen,Polo,1.4 Trendline,2006,207.650 KM,Düz,LPG & benzin,535.000 TL
Volkswagen,Golf,1.6 TDi Highline,2012,252.000 KM,Otomatik,Dizel,935.000 TL
Ford,Fusion,1.4 TDCi Comfort,2005,200.000 KM,Düz,Dizel,498.000 TL
Renault,Clio,1.5 dCi Icon,2016,164.202 KM,Yarı Otomatik,Dizel,999.850 TL
Daihatsu,Materia,1.5 Gold,2010,193.000 KM,Düz,Benzin,310.000 TL
BMW,1 Serisi,116d ED EfficientDynamics,2012,316.000 KM,Düz,Dizel,745.000 TL
BMW,5 Serisi,520i M Sport,2017,183.000 KM,Otomatik,Benzin,2.335.000 TL
Audi,A6,A6 Sedan 2.0 TDI,2008,407.000 KM,Otomatik,Dizel,590.000 TL
Ford,Fiesta,1.4 TDCi Trend,2010,322.021 KM,Düz,Dizel,479.000 TL
Honda,Civic,1.6i VTEC Dream,2013,185.000 KM,Düz,LPG & benzin,975.000 TL
Opel,Astra,1.6 Edition,2013,178.000 KM,Düz,Benzin,849.900 TL
Volkswagen,Golf,1.5 TSi Comfortline,2019,78.000 KM,Yarı Otomatik,Benzin,1.620.000 TL
Volkswagen,Passat,1.6 TDi BlueMotion Comfortline,2018,195.000 KM,Yarı Otomatik,Dizel,1.750.000 TL
Fiat,Marea,1.6 Liberty,2004,250.000 KM,Düz,LPG & benzin,155.000 TL
Ford,Focus,1.6 TDCi Trend,2007,285.000 KM,Düz,Dizel,415.000 TL
Hyundai,i20,1.4 CRDi Jump,2016,210.000 KM,Düz,Dizel,760.000 TL
Mercedes - Benz,E,350 CDI Premium,2012,412.000 KM,Otomatik,Dizel,1.795.000 TL
Ford,Fiesta,1.4 Titanium,2011,59.000 KM,Otomatik,Benzin,875.000 TL
Mercedes - Benz,C,C 200 Kompressor Avantgarde,2008,330.000 KM,Otomatik,LPG & benzin,965.000 TL
Fiat,Egea,1.6 Multijet Easy,2022,92.000 KM,Otomatik,Dizel,1.040.000 TL
Skoda,Scala,1.5 TSI Premium,2020,178.000 KM,Yarı Otomatik,Benzin,1.495.000 TL
Opel,Corsa,1.2 Twinport Active,2014,200.000 KM,Düz,Benzin,485.000 TL
Honda,Civic,1.6i VTEC ES,2004,329.000 KM,Otomatik,LPG & benzin,599.000 TL
Audi,A6,A6 Sedan 40 TDI Quattro Design,2022,68.000 KM,Yarı Otomatik,Hibrit,4.900.000 TL
Volkswagen,Golf,1.2 TSi Comfortline,2014,195.500 KM,Yarı Otomatik,Benzin,1.149.500 TL
Renault,Fluence,1.5 dCi Business,2011,215.000 KM,Düz,Dizel,675.000 TL
Renault,Scenic,1.5 dCi Privilege,2007,259.500 KM,Düz,Dizel,499.999 TL
Renault,Megane,1.5 dCi Privilege,2006,235.000 KM,Düz,Dizel,599.000 TL
Peugeot,301,1.2 PureTech Active,2019,74.000 KM,Düz,Benzin,715.000 TL
Renault,Clio,1.0 TCe Techno Esprit Alpine,2024,24.000 KM,Otomatik,Benzin,1.390.000 TL
Renault,Megane,1.5 Blue DCI Icon,2025,64.000 KM,Yarı Otomatik,Dizel,1.840.000 TL
Ford,Focus,1.6 TDCi Titanium,2013,196.000 KM,Düz,Dizel,845.000 TL
Honda,Civic,1.6i VTEC Eco Premium,2012,230.000 KM,Düz,LPG & benzin,899.000 TL
Volkswagen,Passat,1.5 TSi Elegance,2020,125.000 KM,Yarı Otomatik,Benzin,2.219.000 TL
Skoda,Octavia,1.6 TDI Ambiente,2010,395.000 KM,Düz,Dizel,465.000 TL
Ford,Fiesta,1.6 Comfort,2006,160.000 KM,Otomatik,LPG & benzin,615.000 TL
Ford,Focus,1.6 TDCi Style,2011,226.000 KM,Düz,Dizel,750.000 TL
Fiat,Linea,1.3 Multijet Urban,2012,199.000 KM,Düz,Dizel,470.000 TL
Fiat,Egea,1.4 T-Jet Lounge Plus,2016,155.000 KM,Düz,Benzin,835.000 TL
Ford,Fiesta,1.25 My Fiesta,2013,214.000 KM,Düz,LPG & benzin,619.000 TL
Honda,Civic,1.6i VTEC LS,2003,200.500 KM,Düz,LPG & benzin,575.000 TL
Renault,Megane,1.5 Blue DCI Joy,2020,148.500 KM,Yarı Otomatik,Dizel,1.075.000 TL
Seat,Ibiza,1.4 Basic,1998,248.000 KM,Düz,LPG & benzin,328.500 TL
Tofaş,Şahin,1.6,1992,100.000 KM,Düz,LPG & benzin,135.000 TL
Chevrolet,Cruze,1.6 LS,2010,108.000 KM,Düz,LPG & benzin,475.000 TL
Audi,A4,A4 Sedan 40 TDI Quattro Advanced,2024,58.000 KM,Yarı Otomatik,Hibrit,3.475.000 TL
Jaguar,XF,2.0 D Prestige Plus,2016,162.300 KM,Otomatik,Dizel,1.765.000 TL
Renault,Symbol,1.5 dCi Joy,2015,228.000 KM,Düz,Dizel,638.500 TL
Citroen,C4,1.6 HDi Confort,2012,386.000 KM,Düz,Dizel,475.000 TL
Toyota,Corolla,1.4 D-4D Advance,2014,129.600 KM,Otomatik,Dizel,1.275.000 TL
Renault,Fluence,1.5 dCi Extreme Edition,2011,80.000 KM,Düz,Dizel,875.000 TL
Renault,Clio,1.2 Joy,2013,200.000 KM,Düz,LPG & benzin,650.000 TL
Renault,Clio,1.3 TCe Icon,2020,110.000 KM,Otomatik,Benzin,942.500 TL
Volkswagen,Polo,1.6 TDi Comfortline,2011,313.000 KM,Düz,Dizel,535.000 TL
Renault,Megane,1.5 Blue DCI Touch,2024,72.250 KM,Yarı Otomatik,Dizel,1.670.000 TL
Skoda,SuperB,1.6 TDI Prestige,2019,155.000 KM,Otomatik,Dizel,2.125.000 TL
Renault,Clio,1.0 TCe Joy,2022,65.000 KM,Otomatik,Benzin,1.079.000 TL
Renault,Symbol,1.5 dCi Joy,2016,375.000 KM,Düz,Dizel,415.000 TL
Peugeot,301,1.6 HDi Active,2016,287.000 KM,Düz,Dizel,525.000 TL
Renault,Clio,1.2 Joy,2012,185.000 KM,Düz,LPG & benzin,579.000 TL
Audi,A5,A5 Sportback 2.0 TDI,2015,246.000 KM,Otomatik,Dizel,1.639.900 TL
Opel,Astra,1.3 CDTI Enjoy 111.Yıl,2011,170.000 KM,Düz,Dizel,720.000 TL
Hyundai,i20,1.4 MPI Jump,2021,164.000 KM,Otomatik,Benzin,1.050.000 TL
Opel,Corsa,1.3 CDTI Essentia,2004,239.000 KM,Yarı Otomatik,Dizel,400.000 TL
Volkswagen,Polo,1.2 TSi Comfortline,2015,184.000 KM,Yarı Otomatik,Benzin,950.000 TL
Toyota,Corolla,1.4 D-4D Advance,2014,217.000 KM,Otomatik,Dizel,955.000 TL
Tofaş,Şahin,S,1997,50.000 KM,Düz,LPG & benzin,169.000 TL
Renault,Megane,1.5 Blue DCI Touch,2022,101.849 KM,Yarı Otomatik,Dizel,1.415.000 TL
Volkswagen,Polo,1.2 TDi Trendline,2012,262.000 KM,Düz,Dizel,445.000 TL
Peugeot,301,1.6 HDi Active,2017,175.000 KM,Düz,Dizel,758.500 TL
Hyundai,Accent,1.5 CRDi Admire,2004,332.000 KM,Düz,Dizel,265.000 TL
Opel,Corsa,1.4 Twinport Active,2013,155.000 KM,Otomatik,LPG & benzin,799.000 TL
Toyota,Auris,1.4 D-4D Active Skypack,2013,174.000 KM,Yarı Otomatik,Dizel,1.065.000 TL
Renault,Fluence,1.5 dCi Touch,2014,227.000 KM,Yarı Otomatik,Dizel,769.750 TL
Renault,Symbol,1.2 Authentique,2012,280.000 KM,Düz,Benzin,468.500 TL
Opel,Astra,1.4 T Sport,2012,119.000 KM,Otomatik,Benzin,860.000 TL
Renault,Megane,1.6 Touch Plus,2015,158.000 KM,Otomatik,LPG & benzin,910.000 TL
Renault,Fluence,1.5 dCi Icon,2015,240.000 KM,Yarı Otomatik,Dizel,885.000 TL
Porsche,Panamera,4,2011,250.000 KM,Otomatik,Benzin,3.480.000 TL
Renault,Megane,1.5 dCi Touch,2017,146.000 KM,Yarı Otomatik,Dizel,1.285.000 TL
Opel,Astra,1.3 CDTI Edition Plus,2015,150.000 KM,Düz,Dizel,825.000 TL
Renault,Fluence,1.5 dCi Dynamique,2012,222.500 KM,Yarı Otomatik,Dizel,729.500 TL
Hyundai,i20,1.0 T-GDI Jump,2026,17.000 KM,Otomatik,Benzin,1.430.000 TL
Hyundai,Accent Blue,1.6 CRDI Mode Plus,2018,144.000 KM,Yarı Otomatik,Dizel,899.000 TL
Lada,Vega,1.6,2005,170.000 KM,Düz,Benzin,200.000 TL
Mercedes - Benz,C,C 200 Kompressor Elegance,1998,189.000 KM,Otomatik,Benzin,1.200.000 TL
Hyundai,Getz,1.4 DOHC AB AC,2008,140.000 KM,Otomatik,Benzin,685.000 TL
Hyundai,Elantra,1.6 D-CVVT Style,2018,180.000 KM,Otomatik,Benzin,1.099.750 TL
Mercedes - Benz,C,C 220 CDI AMG,2009,335.000 KM,Otomatik,Dizel,1.000.000 TL
Fiat,Punto,1.2 Popstar,2015,162.000 KM,Düz,Benzin,615.000 TL
Dacia,Sandero,1.5 dCi Stepway,2013,188.000 KM,Düz,Dizel,679.000 TL
Fiat,Linea,1.3 Multijet Active Plus,2013,249.000 KM,Düz,Dizel,439.000 TL
Fiat,Albea,1.2 EL,2002,201.000 KM,Düz,Benzin,345.000 TL
Fiat,Palio,1.2 Active,2005,159.000 KM,Düz,Benzin,365.000 TL
BMW,3 Serisi,320i ED 40th Year Edition,2015,120.000 KM,Otomatik,Benzin,2.229.000 TL
Citroen,C-Elysée,1.5 BlueHDI Feel,2023,72.000 KM,Düz,Dizel,950.000 TL
BMW,3 Serisi,320d Techno Plus,2013,270.000 KM,Otomatik,Dizel,1.120.000 TL
Audi,A4,A4 Sedan 2.0 TDI,2008,302.000 KM,Otomatik,Dizel,750.000 TL
Toyota,Corolla,1.4 D-4D Comfort,2009,282.000 KM,Düz,Dizel,650.000 TL
Skoda,SuperB,1.5 TSI Prestige,2026,9.500 KM,Otomatik,Hibrit,3.592.500 TL
Volkswagen,Golf,1.6 TDi Highline,2012,185.000 KM,Otomatik,Dizel,998.000 TL
Fiat,Linea,1.3 Multijet Active Plus,2010,297.000 KM,Düz,Dizel,337.500 TL
Audi,A4,A4 Sedan 2.0 TDI,2014,205.000 KM,Otomatik,Dizel,1.600.000 TL
Hyundai,i30,1.6 CRDi Blue Drive,2015,216.000 KM,Yarı Otomatik,Dizel,950.000 TL
Toyota,Yaris,1.33 Style,2016,113.000 KM,Otomatik,Benzin,1.035.000 TL
Peugeot,308,1.6 VTi Comfort Pack,2010,160.000 KM,Düz,LPG & benzin,535.000 TL
BMW,3 Serisi,316i Standart,2005,269.400 KM,Düz,Benzin,490.000 TL
Volkswagen,Jetta,1.6 Tour,2009,292.000 KM,Düz,LPG & benzin,719.000 TL
Tofaş,Şahin,1.6 ie,2001,64.000 KM,Düz,LPG & benzin,255.000 TL
Opel,Vectra,1.6 Comfort,2006,257.000 KM,Düz,Benzin,580.000 TL
Kia,Ceed,1.6 CRDi Concept Plus,2014,192.500 KM,Otomatik,Dizel,1.099.000 TL
Honda,Civic,1.5 i-VTEC Elegance,2021,59.000 KM,Otomatik,Benzin,1.769.000 TL
Volkswagen,Polo,1.2 TSi Comfortline,2016,128.000 KM,Yarı Otomatik,Benzin,1.089.000 TL
Seat,Leon,1.5 eTSI FR,2023,53.000 KM,Yarı Otomatik,Hibrit,1.779.900 TL
Opel,Insignia,1.6 CDTI Grand Sport Excellence,2018,96.000 KM,Otomatik,Dizel,1.639.950 TL
Fiat,Punto,Grande 1.4 Fire Active,2007,202.000 KM,Yarı Otomatik,LPG & benzin,479.999 TL
Lancia,Ypsilon,0.9,2013,202.000 KM,Otomatik,Benzin,575.000 TL
BMW,3 Serisi,320i Sport Line,2022,44.700 KM,Otomatik,Benzin,3.675.000 TL
Mercedes - Benz,C,C 200 d BlueTEC AMG,2015,258.000 KM,Otomatik,Benzin,1.625.000 TL
Volkswagen,VW CC,2.0 TDi 2.0 TDI,2013,290.000 KM,Otomatik,Dizel,990.000 TL
BMW,3 Serisi,316i Standart,1994,519.000 KM,Otomatik,LPG & benzin,299.000 TL
Kia,Rio,1.4 EX Trend,2011,177.000 KM,Otomatik,Benzin,695.000 TL
Renault,Grand Scenic,1.5 dCi Privilege,2011,212.107 KM,Düz,Dizel,665.000 TL
Peugeot,301,1.5 BlueHDI Active,2019,208.000 KM,Düz,Dizel,650.000 TL
Volkswagen,Polo,1.6 TDi Comfortline,2013,229.000 KM,Yarı Otomatik,Benzin,849.000 TL
Hyundai,i30,1.6 CRDi Elite Plus,2018,86.000 KM,Yarı Otomatik,Benzin,1.405.000 TL
Ford,Focus,1.5 Ti-VCT Titanium,2023,87.000 KM,Otomatik,Benzin,1.272.500 TL
Renault,Symbol,1.5 dCi Joy,2016,122.000 KM,Düz,Dizel,775.000 TL
BMW,3 Serisi,320d M Sport,2011,324.000 KM,Otomatik,Dizel,1.135.000 TL
Fiat,Albea,1.2 EL,2004,215.800 KM,Düz,LPG & benzin,325.000 TL
Audi,A3,A3 Sportback 1.4 TFSI Ambiente,2012,185.000 KM,Yarı Otomatik,Benzin,1.050.000 TL
Mercedes - Benz,CLA,200 AMG,2023,55.800 KM,Otomatik,Benzin,3.169.000 TL
Renault,Clio,1.0 TCe Icon,2023,61.000 KM,Otomatik,Benzin,1.200.000 TL
Volkswagen,Jetta,1.6 Comfortline,2007,316.000 KM,Otomatik,LPG & benzin,465.000 TL
Seat,Leon,1.2 TSI Style,2016,146.000 KM,Otomatik,Benzin,1.190.000 TL
Skoda,Octavia,1.0 e-Tec Elite,2021,125.000 KM,Yarı Otomatik,Hibrit,1.390.000 TL
BMW,5 Serisi,520i Executive M Sport,2015,270.000 KM,Otomatik,Benzin,1.580.000 TL
Toyota,Avensis,1.6 Elegant,2006,250.000 KM,Düz,LPG & benzin,650.000 TL
Opel,Vectra,2.0 CD,1996,395.000 KM,Düz,LPG & benzin,220.000 TL
Mercedes - Benz,C,C 200 D AMG,2017,96.000 KM,Otomatik,Dizel,2.395.000 TL
Peugeot,307,1.6 XT,2003,84.850 KM,Otomatik,Benzin,610.000 TL
Volkswagen,Passat,1.6 TDi BlueMotion Comfortline,2019,122.000 KM,Otomatik,Dizel,2.099.000 TL
Ford,Fiesta,1.4 TDCi Trend,2011,165.000 KM,Düz,Dizel,497.500 TL
Volkswagen,Passat,1.6 TDi BlueMotion Trendline,2015,280.000 KM,Düz,Dizel,985.000 TL
Toyota,Yaris,1.0 Terra,2011,177.000 KM,Düz,Benzin,524.000 TL
Fiat,Linea,1.3 Multijet Active Plus,2015,260.000 KM,Düz,Dizel,455.000 TL
Fiat,Egea,1.3 Multijet Urban Plus,2020,76.256 KM,Düz,Dizel,1.045.000 TL
Peugeot,301,1.6 HDi Allure,2017,151.000 KM,Düz,Dizel,838.000 TL
Renault,Clio,1.0 TCe Evolution,2024,118.102 KM,Otomatik,Benzin,1.220.000 TL
Toyota,Corolla,1.33 Life,2017,127.700 KM,Düz,Benzin,1.075.000 TL
BMW,1 Serisi,118i First Edition Sport Line,2019,69.000 KM,Otomatik,Benzin,1.935.000 TL
Dacia,Lodgy,1.5 dCi Laureate,2013,207.000 KM,Düz,Dizel,789.000 TL
Volkswagen,Golf,1.4 TSi Comfortline,2009,219.000 KM,Otomatik,Benzin,852.000 TL
Volkswagen,Polo,1.2 Trendline,2013,186.000 KM,Düz,Benzin,699.000 TL
Opel,Astra,1.4 T Sport,2013,78.000 KM,Otomatik,LPG & benzin,975.000 TL
Citroen,C-Elysée,1.5 BlueHDI Feel Bold,2022,63.000 KM,Düz,Benzin,765.900 TL
Ford,Focus,1.6 TDCi Titanium,2016,279.112 KM,Düz,Dizel,789.000 TL
Citroen,C4,1.6 e-HDi Confort,2012,212.000 KM,Otomatik,Dizel,775.000 TL
Renault,Clio,1.5 dCi Joy,2016,273.000 KM,Düz,Dizel,650.000 TL
Fiat,Egea,1.4 Fire Easy,2021,159.000 KM,Düz,Benzin,747.000 TL
Fiat,Tempra,1.6 SX A,1996,118.000 KM,Düz,LPG & benzin,190.000 TL
Renault,Laguna,2.0 RTI,1996,400.000 KM,Düz,LPG & benzin,200.000 TL
Opel,Corsa,1.4 Enjoy,2015,107.000 KM,Otomatik,Benzin,895.000 TL
Hyundai,Accent Era,1.5 CRDi-VGT Select,2010,313.000 KM,Düz,Dizel,495.000 TL
Volkswagen,Passat,1.4 TSi Comfortline,2010,198.000 KM,Otomatik,Benzin,880.000 TL
Seat,Leon,1.4 TSI Stylance,2009,230.000 KM,Düz,Benzin,570.000 TL
Ford,Focus,1.6 TDCi Trend X,2010,289.000 KM,Düz,Dizel,587.654 TL
Volkswagen,Golf,1.6 TDi BlueMotion Comfortline,2013,220.000 KM,Yarı Otomatik,Dizel,1.035.000 TL
Opel,Vectra,2.0 CD,1998,325.000 KM,Düz,LPG & benzin,280.000 TL
Renault,Clio,1.6 Dynamique,2007,295.000 KM,Otomatik,Benzin,475.000 TL
Tofaş,Şahin,1.6,1992,200.000 KM,Düz,LPG & benzin,130.000 TL
Toyota,Auris,1.6 Elegant,2008,228.000 KM,Yarı Otomatik,LPG & benzin,789.999 TL
Ford,Focus,1.6 Trend,2009,102.500 KM,Düz,Benzin,755.000 TL
BMW,3 Serisi,320i M Sport,2023,109.000 KM,Otomatik,Benzin,3.419.000 TL
Honda,Civic,1.6i VTEC Eco Elegance,2016,171.000 KM,Otomatik,LPG & benzin,1.220.000 TL
Toyota,Corolla,1.6 Advance,2015,113.000 KM,Düz,Benzin,1.060.000 TL
Mercedes - Benz,C,C 200 d BlueTEC AMG,2016,213.000 KM,Otomatik,Dizel,1.725.000 TL
Volkswagen,Passat,1.6 TDi BlueMotion Highline,2014,234.000 KM,Otomatik,Dizel,1.525.000 TL
Renault,Clio,0.9 TCe Touch,2020,119.500 KM,Düz,LPG & benzin,749.000 TL
BMW,3 Serisi,320d Modern Line,2012,305.000 KM,Otomatik,Dizel,1.350.000 TL
Seat,Leon,1.6 Stylance,2008,236.000 KM,Düz,Benzin,610.000 TL
Audi,A3,A3 Sportback 1.6 TDI Sport Line,2016,172.500 KM,Yarı Otomatik,Benzin,1.419.000 TL
Dacia,Sandero,1.5 dCi Stepway,2016,81.000 KM,Yarı Otomatik,Dizel,909.999 TL
Volkswagen,Polo,1.0 Trendline,2017,78.000 KM,Düz,Benzin,850.000 TL
Kia,Pro Ceed,1.6 GDI GT,2013,201.000 KM,Düz,Benzin,980.000 TL
Opel,Astra,1.6 CDTI Edition Plus,2016,215.000 KM,Otomatik,Benzin,850.000 TL
Renault,Clio,1.5 dCi Joy,2019,167.950 KM,Düz,Dizel,750.000 TL
Ford,Mondeo,2.0 TDCi Trend,2008,413.000 KM,Otomatik,Dizel,625.000 TL
Peugeot,407,1.6 HDi Executive,2007,299.000 KM,Düz,Dizel,465.000 TL
Fiat,Punto,1.4 Lounge S&S,2013,128.000 KM,Otomatik,Benzin,745.000 TL
Honda,Civic,1.6i VTEC Eco Elegance,2016,136.000 KM,Otomatik,LPG & benzin,1.300.000 TL
Renault,Clio,1.0 TCe Touch,2023,104.000 KM,Düz,Benzin,925.000 TL
Renault,Megane,1.5 Blue DCI Icon,2019,233.000 KM,Düz,Dizel,1.098.000 TL
Volkswagen,Passat,1.6 FSi Comfortline,2005,375.000 KM,Düz,Benzin,449.000 TL
Mercedes - Benz,A,A 180 d Style,2018,108.000 KM,Otomatik,Dizel,1.599.000 TL
Skoda,Scala,1.0 TSI Premium,2023,80.000 KM,Otomatik,Benzin,1.330.000 TL
Mercedes - Benz,CLA,180 D Comfort,2017,130.000 KM,Otomatik,Dizel,1.700.000 TL
Volkswagen,Golf,1.6 TDi BlueMotion Comfortline,2016,277.000 KM,Otomatik,Dizel,1.170.000 TL
Volkswagen,Polo,1.4 TDi Comfortline,2017,164.000 KM,Yarı Otomatik,Dizel,995.000 TL
Skoda,SuperB,1.5 TSI Premium,2025,66.000 KM,Yarı Otomatik,Hibrit,2.690.000 TL
Toyota,Corolla,1.4 D-4D Advance,2015,178.000 KM,Otomatik,Dizel,1.000.000 TL
Hyundai,i20,1.4 MPI Style Plus,2022,53.000 KM,Otomatik,Benzin,1.365.000 TL
Dacia,Sandero,1.5 dCi Stepway Style,2018,189.000 KM,Düz,Dizel,810.000 TL
Seat,Ibiza,1.0 EcoTSI Style,2025,12.900 KM,Otomatik,Benzin,1.495.000 TL
BMW,3 Serisi,320i ED Standart,2014,243.000 KM,Otomatik,Benzin,1.330.000 TL
Audi,A3,A3 Cabrio 1.4 TFSI Attraction,2014,230.500 KM,Yarı Otomatik,Benzin,1.775.000 TL
Suzuki,SX4,GLX,2013,84.000 KM,Otomatik,Benzin,1.020.000 TL
Renault,Laguna,2.0 RXT,1999,345.000 KM,Düz,LPG & benzin,270.000 TL
Volkswagen,Golf,1.4 TSi Comfortline,2012,202.000 KM,Düz,Benzin,905.000 TL
Renault,Megane,1.5 dCi Touch,2019,222.000 KM,Otomatik,Dizel,895.000 TL
Ford,Focus,1.6 Comfort,2004,151.000 KM,Düz,LPG & benzin,610.000 TL
Honda,Civic,1.6i VTEC Elegance,2009,230.000 KM,Otomatik,Benzin,909.000 TL
Hyundai,Getz,1.3 GL,2005,272.000 KM,Düz,Benzin,429.000 TL
Skoda,Fabia,1.0 GreenTec Style,2019,118.000 KM,Yarı Otomatik,Benzin,1.125.000 TL
Volkswagen,Golf,1.6 TDi BlueMotion Highline,2012,175.000 KM,Yarı Otomatik,Dizel,1.169.000 TL
Renault,Fluence,1.5 dCi Touch,2014,192.000 KM,Düz,Dizel,740.000 TL
Renault,Megane,1.3 TCe Touch,2023,57.000 KM,Yarı Otomatik,Benzin,1.525.000 TL
Mazda,3,1.6 Dynamic,2006,255.000 KM,Düz,LPG & benzin,495.000 TL
Opel,Astra,1.2 T Edition,2023,110.000 KM,Otomatik,Benzin,1.355.000 TL
Hyundai,i10,1.2 D-CVVT Elite,2015,63.000 KM,Otomatik,Benzin,959.500 TL
Mercedes - Benz,C,C 180 Kompressor BlueEfficiency AMG,2011,165.000 KM,Otomatik,LPG & benzin,1.459.000 TL
Hyundai,i20,1.4 MPI Elite,2020,82.000 KM,Otomatik,Benzin,1.340.000 TL
Fiat,Egea,1.3 Multijet Urban Plus,2019,186.000 KM,Düz,Dizel,825.000 TL
Hyundai,Accent Blue,1.6 CRDI Mode,2015,218.000 KM,Otomatik,Dizel,855.000 TL
Citroen,C4,1.6 HDi Attraction,2012,218.000 KM,Düz,Dizel,599.000 TL
Toyota,Corolla,1.5 Dream X-Pack,2023,88.000 KM,Otomatik,Benzin,1.620.000 TL
Skoda,Octavia,1.6 TDI Style CR,2015,215.000 KM,Yarı Otomatik,Benzin,1.085.000 TL
Mercedes - Benz,E,220 D AMG,2024,6.001 KM,Otomatik,Benzin,9.140.000 TL
Mercedes - Benz,E,200,1994,405.000 KM,Düz,LPG & benzin,455.000 TL
Mini,Cooper,1.5 Signature,2023,37.000 KM,Otomatik,Benzin,1.765.000 TL
Dacia,Sandero,0.9 TCe Stepway Easy-R,2016,123.000 KM,Yarı Otomatik,Benzin,830.000 TL
Peugeot,301,1.6 HDi Active,2017,129.500 KM,Düz,Dizel,799.900 TL
Renault,Megane,1.5 dCi Expression,2007,235.000 KM,Düz,Dizel,399.000 TL
Peugeot,301,1.6 HDi Active,2016,198.000 KM,Düz,Dizel,670.000 TL
Fiat,Linea,1.3 Multijet Pop,2016,175.000 KM,Düz,Dizel,675.000 TL
Toyota,Corolla,1.8 Hybrid Dream,2021,166.000 KM,Otomatik,Hibrit,1.265.000 TL
Dacia,Logan,1.5 dCi Ambiance,2009,300.000 KM,Düz,Dizel,265.000 TL
Volkswagen,Golf,1.6 TDi BlueMotion Highline,2014,245.000 KM,Otomatik,Dizel,1.225.000 TL
Tesla,Model Y,Performance (Legacy),2023,94.000 KM,Otomatik,Elektrik,2.475.000 TL
Opel,Astra,1.6 Essentia,2008,322.000 KM,Otomatik,LPG & benzin,395.000 TL
Ford,Fusion,1.6 TDCi Lux,2007,320.000 KM,Düz,Dizel,445.000 TL
Audi,A3,A3 Sportback 1.6 TDI Attraction,2016,183.000 KM,Yarı Otomatik,Dizel,1.230.000 TL
Peugeot,306,1.6 XR,2000,272.000 KM,Düz,LPG & benzin,260.000 TL
Toyota,Corolla,1.5 Flame,2022,98.000 KM,Otomatik,Benzin,1.515.000 TL
Toyota,Corolla,1.5 Flame X-Pack,2023,38.500 KM,Otomatik,Benzin,1.650.000 TL
Fiat,Egea,1.3 Multijet Easy,2023,115.900 KM,Düz,Dizel,939.500 TL
Peugeot,301,1.6 HDi Active,2017,91.000 KM,Düz,Dizel,817.500 TL
Honda,Civic,1.6i VTEC Eco Elegance,2012,106.000 KM,Otomatik,LPG & benzin,1.330.000 TL
Volkswagen,Passat,1.6 TDi BlueMotion Impression,2017,125.000 KM,Yarı Otomatik,Dizel,1.439.000 TL
Volvo,S60,1.6 D Premium,2014,214.000 KM,Otomatik,Dizel,1.120.000 TL
Skoda,Fabia,1.0 GreenTec Style,2017,228.000 KM,Yarı Otomatik,Benzin,825.000 TL
Kia,Rio,1.5 Comfort,2003,432.100 KM,Düz,LPG & benzin,249.750 TL
Ford,Focus,1.6 TDCi Trend X,2010,174.000 KM,Düz,Dizel,755.000 TL
Hyundai,i20,1.0 T-GDI Style,2025,35.000 KM,Yarı Otomatik,Benzin,1.399.000 TL
Fiat,Linea,1.4 Fire Actual,2013,168.400 KM,Düz,LPG & benzin,585.000 TL
Seat,Leon,1.2 TSI Style,2011,140.000 KM,Düz,Benzin,750.000 TL
Renault,Megane,1.3 TCe Touch,2025,40.000 KM,Yarı Otomatik,Benzin,1.575.000 TL
Ford,Fiesta,1.25 Flair,2000,352.000 KM,Düz,LPG & benzin,221.500 TL
DS Automobiles,DS4,1.6 e-HDi D-Sport,2012,219.000 KM,Yarı Otomatik,Dizel,820.000 TL
Volkswagen,Passat,1.4 TSi BlueMotion Highline,2016,172.000 KM,Otomatik,Benzin,1.645.000 TL
Ford,Focus,1.6 Ti-VCT Trend X,2014,183.500 KM,Otomatik,Benzin,925.000 TL
Volkswagen,Polo,1.2 TSi Comfortline,2015,175.000 KM,Düz,Benzin,740.000 TL
Fiat,Punto,EVO 1.3 Multijet Dynamic,2011,285.000 KM,Düz,Dizel,455.000 TL
Fiat,Egea,1.6 Multijet Comfort,2017,255.000 KM,Yarı Otomatik,Dizel,735.000 TL
Fiat,Albea,Sole 1.4 Fire Active,2007,150.000 KM,Düz,LPG & benzin,405.000 TL
Renault,Symbol,1.4 Authentique,2009,192.000 KM,Düz,LPG & benzin,530.000 TL
Dacia,Sandero,1.5 dCi Stepway,2014,310.000 KM,Düz,Dizel,459.500 TL
Renault,Clio,1.0 TCe Joy,2021,168.000 KM,Otomatik,Benzin,925.000 TL
Fiat,Egea,1.3 Multijet Easy,2017,253.949 KM,Düz,Dizel,510.000 TL
Renault,Clio,1.5 dCi Joy,2016,223.000 KM,Düz,Dizel,650.000 TL
Renault,Clio,1.5 dCi Touch,2017,318.000 KM,Düz,Dizel,599.999 TL
Skoda,Octavia,1.6 TDI Ambiente,2012,208.000 KM,Düz,Dizel,850.000 TL
Fiat,Palio,1.4 EL,2000,270.000 KM,Düz,LPG & benzin,249.000 TL
Ford,Focus,1.6 TDCi Trend X,2013,300.000 KM,Düz,Dizel,585.000 TL
Nissan,Micra,1.2 Match,2015,39.000 KM,Otomatik,Benzin,1.050.000 TL
Renault,Scenic,1.5 dCi Expression,2011,319.000 KM,Düz,Dizel,550.000 TL
BMW,5 Serisi,530i Standart,2004,252.000 KM,Düz,Benzin,975.000 TL
Tofaş,Doğan,L,1992,250.000 KM,Düz,LPG & benzin,125.000 TL
Hyundai,i20,1.4 MPI Style,2016,121.267 KM,Otomatik,Benzin,999.999 TL
Skoda,SuperB,1.6 TDI Prestige,2016,228.000 KM,Otomatik,Dizel,1.475.000 TL
Fiat,Egea,1.3 Multijet Easy,2023,62.000 KM,Düz,Dizel,890.000 TL
BMW,5 Serisi,520i Premium,2016,239.000 KM,Otomatik,Benzin,1.478.500 TL
Renault,Megane,1.3 TCe Touch,2023,35.000 KM,Otomatik,Benzin,1.565.000 TL
Renault,Clio,1.2 SportTourer Joy,2016,83.000 KM,Düz,Benzin,748.750 TL
Peugeot,308,1.6 VTi Millesim,2010,104.000 KM,Otomatik,LPG & benzin,665.000 TL
Opel,Astra,1.6 Enjoy Plus,2013,204.500 KM,Düz,LPG & benzin,629.900 TL
Opel,Astra,1.6 CD,2000,262.000 KM,Düz,LPG & benzin,360.000 TL
Skoda,Rapid,1.4 TDI Style,2016,271.000 KM,Otomatik,Dizel,715.000 TL
Volkswagen,Passat,1.6 TDi BlueMotion Impression,2018,157.000 KM,Yarı Otomatik,Dizel,1.550.000 TL
Toyota,Corolla,1.5 Flame X-Pack,2025,34.250 KM,Otomatik,Benzin,1.815.000 TL
Hyundai,i20,1.4 MPI Style,2023,30.000 KM,Otomatik,Benzin,1.430.000 TL
Fiat,Siena,1.4 EL,1999,260.000 KM,Düz,LPG & benzin,139.000 TL
Audi,A5,A5 Coupe 1.4 TFSI Sport,2018,159.000 KM,Yarı Otomatik,Benzin,2.470.000 TL
Citroen,C-Elysée,1.5 BlueHDI Feel Bold,2022,71.800 KM,Düz,Dizel,785.750 TL
Seat,Leon,1.6 TDI CR Style,2015,265.000 KM,Düz,Dizel,847.500 TL
Toyota,Corolla,1.5 Dream,2022,130.000 KM,Otomatik,Benzin,1.275.000 TL
Toyota,Corolla,1.4 D-4D Terra,2007,214.000 KM,Düz,Dizel,629.900 TL
Toyota,Corolla,1.4 D-4D Premium 50.Yıl,2017,156.200 KM,Düz,Dizel,1.215.000 TL
Ford,Mondeo,1.5 Ecoboost Style,2015,298.000 KM,Otomatik,Benzin,875.000 TL
Ford,Focus,1.6 Ti-VCT Trend X,2017,90.100 KM,Yarı Otomatik,Benzin,1.240.000 TL
Opel,Astra,1.2 T GS,2025,8.450 KM,Otomatik,Benzin,1.829.000 TL
Volkswagen,Golf,1.2 TSi Comfortline,2014,163.000 KM,Düz,Benzin,1.080.000 TL
Renault,Fluence,1.5 dCi Touch Plus,2014,170.000 KM,Düz,Dizel,820.000 TL
Honda,Civic,1.4 i S,1998,352.000 KM,Düz,LPG & benzin,310.000 TL
Ford,Focus,1.6 TDCi Collection,2011,181.000 KM,Düz,Dizel,820.000 TL
Renault,Clio,1.0 TCe Joy,2021,161.000 KM,Otomatik,Benzin,889.000 TL
Skoda,Fabia,1.0 TSI Premium,2020,125.000 KM,Otomatik,Benzin,1.200.000 TL
Skoda,SuperB,1.5 TSI Prestige,2021,152.000 KM,Yarı Otomatik,Benzin,1.885.000 TL
Skoda,Octavia,1.6 TDI Elegance CR,2013,250.000 KM,Otomatik,Dizel,813.500 TL
Seat,Altea,1.6 TDI I-Tech XL,2014,198.500 KM,Yarı Otomatik,Dizel,835.900 TL
Mercedes - Benz,E,180 Elite,2014,202.000 KM,Otomatik,Benzin,1.580.000 TL
Fiat,Linea,1.3 Multijet Actual Plus,2013,191.000 KM,Düz,Dizel,565.000 TL
Volvo,S40,1.6 D Dynamic,2009,250.000 KM,Düz,Dizel,471.000 TL
Alfa Romeo,Giulietta,1.4 TB MultiAir Distinctive,2012,240.000 KM,Otomatik,Benzin,790.000 TL
Opel,Corsa,1.2 Essentia,2015,160.000 KM,Düz,LPG & benzin,699.000 TL
BMW,3 Serisi,320i ED 40th Year Edition,2015,248.000 KM,Otomatik,Benzin,1.735.000 TL
Volkswagen,Passat,1.6 TDi BlueMotion Trendline,2016,233.000 KM,Yarı Otomatik,Dizel,1.350.000 TL
Toyota,Corolla,1.4 D-4D Touch,2016,95.000 KM,Otomatik,Dizel,1.315.000 TL
Citroen,C3,1.2 PureTech Feel Bold,2021,65.000 KM,Otomatik,Benzin,1.100.000 TL
BMW,5 Serisi,520i Executive Plus,2016,160.000 KM,Otomatik,Benzin,1.989.000 TL
BMW,3 Serisi,320i ED M Plus,2013,169.000 KM,Otomatik,Benzin,1.480.000 TL
Renault,Fluence,1.5 dCi Business,2012,173.396 KM,Düz,Dizel,624.000 TL
Tesla,Model Y,Performance (Legacy),2023,33.000 KM,Otomatik,Elektrik,2.929.900 TL
Renault,Clio,1.5 dCi Joy,2018,96.000 KM,Düz,Dizel,927.500 TL
Hyundai,Accent Era,1.6 Style,2006,430.000 KM,Düz,LPG & benzin,360.000 TL
Dacia,Sandero,1.0 Ambiance,2017,210.000 KM,Düz,Benzin,625.000 TL
Volkswagen,Golf,1.0 eTSI R Line,2022,85.000 KM,Yarı Otomatik,Hibrit,2.025.000 TL
Volkswagen,Golf,1.2 TSi Comfortline,2016,130.000 KM,Düz,Benzin,1.180.000 TL
Renault,Clio,1.5 dCi Icon,2017,170.000 KM,Otomatik,Dizel,1.035.000 TL
Renault,Scenic,1.6 Privilege,2006,151.000 KM,Otomatik,LPG & benzin,570.000 TL
Renault,Megane,1.5 dCi Touch Plus,2015,194.000 KM,Düz,Dizel,739.000 TL
Hyundai,Accent Blue,1.6 CRDI Mode Plus,2016,148.000 KM,Düz,Dizel,935.000 TL
Citroen,C4,1.4 VTi Attraction,2011,150.000 KM,Düz,Benzin,618.000 TL
Fiat,Egea,1.3 Multijet Urban,2023,138.000 KM,Düz,Dizel,949.000 TL
Kia,Picanto,1.1 EX,2005,195.000 KM,Otomatik,LPG & benzin,410.000 TL
Seat,Leon,1.6 TDI Style,2017,127.375 KM,Otomatik,Dizel,1.345.000 TL
Volkswagen,Golf,1.6 TDi BlueMotion Comfortline,2013,135.000 KM,Otomatik,Dizel,1.425.000 TL
Skoda,Scala,1.6 TDI Premium,2020,103.000 KM,Otomatik,Dizel,1.275.000 TL
Seat,Ibiza,1.0 EcoTSI Style,2018,153.000 KM,Otomatik,Benzin,1.215.000 TL
BMW,3 Serisi,316i Standart,2006,330.000 KM,Düz,LPG & benzin,695.000 TL
Honda,Civic,1.6i VTEC Eco Executive,2017,230.000 KM,Otomatik,LPG & benzin,1.395.000 TL
Renault,R 19,1.6 Europa RNE,1998,342.000 KM,Düz,LPG & benzin,315.000 TL
Seat,Ibiza,1.0 EcoTSI Style,2021,42.000 KM,Otomatik,Benzin,1.265.000 TL
Renault,Megane,1.3 TCe Joy,2024,99.000 KM,Yarı Otomatik,Benzin,1.315.000 TL
Volkswagen,Polo,1.2 TSi Comfortline,2015,116.000 KM,Yarı Otomatik,Benzin,1.130.000 TL
Volkswagen,Polo,1.0 Trendline,2015,52.000 KM,Düz,Benzin,905.000 TL
BMW,3 Serisi,320i ED Sport Line,2015,153.200 KM,Otomatik,Benzin,1.662.500 TL
BMW,5 Serisi,520i Executive,2016,123.000 KM,Otomatik,Benzin,2.219.000 TL
Renault,Megane,1.2 TCe Icon,2017,127.000 KM,Yarı Otomatik,Benzin,1.185.000 TL
Mercedes - Benz,E,200 d Exclusive,2023,73.000 KM,Otomatik,Dizel,4.625.000 TL
Renault,Megane,1.5 dCi Touch,2017,164.000 KM,Yarı Otomatik,Dizel,1.220.000 TL
Renault,Megane,1.5 dCi Dynamique,2005,274.000 KM,Düz,Dizel,472.000 TL
Volkswagen,Jetta,1.9 TDi Midline,2007,344.000 KM,Yarı Otomatik,Dizel,575.000 TL
Citroen,C-Elysée,1.6 BlueHDI Feel,2018,199.200 KM,Düz,Dizel,769.900 TL
BMW,5 Serisi,520i Edition M Sport,2025,26.348 KM,Otomatik,Hibrit,6.395.000 TL
Toyota,Corolla,1.8 Hybrid Flame X-Pack,2025,35.000 KM,Otomatik,Hibrit,2.185.000 TL
Renault,Megane,1.3 TCe Joy,2022,74.000 KM,Otomatik,Benzin,1.419.900 TL
Mercedes - Benz,E,220 D Avantgarde,2016,257.000 KM,Otomatik,Dizel,2.675.000 TL
Mercedes - Benz,C,C 200 D AMG,2016,185.000 KM,Otomatik,Dizel,1.725.000 TL
Honda,Civic,1.6i VTEC Eco Elegance,2012,147.000 KM,Düz,LPG & benzin,1.039.000 TL
Hyundai,Accent,1.6 Admire,2005,194.000 KM,Düz,LPG & benzin,435.000 TL
Ford,Focus,1.5 EcoBlue Titanium X,2025,44.000 KM,Otomatik,Dizel,1.867.500 TL
BMW,5 Serisi,525d xDrive Premium,2013,295.000 KM,Otomatik,Dizel,1.305.000 TL
Audi,A3,A3 Sedan 1.6 TDI Ambiente,2015,158.000 KM,Otomatik,Dizel,1.445.000 TL
Renault,Clio,1.5 dCi Joy,2012,190.000 KM,Düz,Dizel,675.000 TL
Skoda,SuperB,1.5 TSI Elite,2019,270.000 KM,Yarı Otomatik,Benzin,1.430.000 TL
Mercedes - Benz,200,E,1993,380.700 KM,Düz,LPG & benzin,525.000 TL
Ford,Mondeo,2.0 Ghia,2004,221.000 KM,Otomatik,Benzin,430.000 TL
Renault,Scenic,1.5 dCi Privilege,2012,206.000 KM,Düz,Benzin,749.000 TL
Jaguar,XE,2.0 Prestige,2015,260.000 KM,Otomatik,Dizel,1.445.000 TL
BMW,5 Serisi,530i Standart,1999,419.000 KM,Otomatik,LPG & benzin,645.000 TL
Renault,Fluence,1.5 dCi Extreme Edition,2012,206.000 KM,Düz,Dizel,695.000 TL
Hyundai,i20,1.2 MPI Elite,2015,105.000 KM,Düz,Benzin,980.000 TL
Mercedes - Benz,E,250 CDI Premium,2011,436.436 KM,Otomatik,Dizel,1.725.000 TL
Skoda,Octavia,1.6 TDI Optimal,2018,196.000 KM,Yarı Otomatik,Benzin,1.224.500 TL
Renault,Megane,1.3 TCe Touch,2025,8.000 KM,Yarı Otomatik,Benzin,1.700.000 TL
Mercedes - Benz,C,C 200 D AMG,2021,67.000 KM,Otomatik,Dizel,2.725.000 TL
Peugeot,207,1.6 HDi Outdoor,2009,238.000 KM,Düz,Dizel,515.000 TL
Honda,Civic,1.6i VTEC Elegance,2011,161.200 KM,Otomatik,Benzin,939.000 TL
Opel,Corsa,1.3 CDTI Enjoy,2011,156.000 KM,Düz,Dizel,655.000 TL
Volkswagen,Passat,1.6 TDi BlueMotion Comfortline,2014,186.980 KM,Otomatik,Dizel,1.399.500 TL
Citroen,C5,2.0 HDi SX,2005,297.000 KM,Otomatik,Dizel,385.000 TL
Volkswagen,Golf,1.6 TDi BlueMotion Highline,2014,251.000 KM,Yarı Otomatik,Dizel,1.200.000 TL
Renault,Clio,1.0 TCe Icon,2021,134.000 KM,Otomatik,Benzin,1.119.000 TL
Toyota,Corolla,1.4 D-4D Advance,2013,163.000 KM,Otomatik,Dizel,1.120.000 TL
Renault,Megane,1.6 RTE,1999,275.000 KM,Düz,LPG & benzin,268.000 TL
Peugeot,207,1.4 HDi Trendy,2007,49.500 KM,Düz,Dizel,695.000 TL
Fiat,Egea,1.3 Multijet Easy Plus,2018,194.000 KM,Düz,Dizel,750.000 TL
Renault,Clio,1.0 TCe Techno Esprit Alpine,2024,29.000 KM,Otomatik,Benzin,1.430.000 TL
Volkswagen,Passat,1.6 TDi BlueMotion Comfortline,2016,186.000 KM,Otomatik,Dizel,1.385.000 TL
Citroen,C3,1.2 PureTech Shine,2023,53.000 KM,Otomatik,Benzin,1.275.000 TL
Seat,Leon,1.4 EcoTSI FR,2017,89.000 KM,Otomatik,Benzin,1.675.000 TL
Renault,Symbol,1.5 dCi Joy,2015,243.500 KM,Düz,Dizel,510.000 TL
Opel,Astra,1.4 Classic,2009,356.000 KM,Düz,LPG & benzin,375.000 TL
Ford,Focus,1.5 Ti-VCT Trend X,2020,122.000 KM,Düz,Benzin,1.140.000 TL
Toyota,Corolla,1.4 D-4D Comfort Extra,2011,241.000 KM,Düz,Dizel,850.000 TL
Volkswagen,Passat,1.6 TDi BlueMotion Comfortline,2013,252.000 KM,Yarı Otomatik,Dizel,1.025.000 TL
Renault,Megane,1.6 Joy,2017,141.000 KM,Düz,LPG & benzin,1.030.000 TL
Skoda,Octavia,1.5 e-Tec Premium,2023,99.800 KM,Yarı Otomatik,Hibrit,1.699.000 TL
Volkswagen,Passat,1.6 TDi BlueMotion Comfortline,2016,222.000 KM,Yarı Otomatik,Dizel,1.485.000 TL
Toyota,Auris,1.4 D-4D Comfort Extra,2012,245.000 KM,Düz,Benzin,699.000 TL
Volkswagen,Jetta,1.2 TSi Comfortline,2014,248.000 KM,Düz,Benzin,839.000 TL
Mercedes - Benz,A,A 180 CDI BlueEfficiency Urban,2013,249.000 KM,Düz,Dizel,1.075.000 TL
Renault,Symbol,1.5 dCi Joy,2016,355.000 KM,Düz,Dizel,450.000 TL
Toyota,Corolla,1.6 Life,2018,40.000 KM,Düz,Benzin,1.350.000 TL
Renault,Clio,1.0 TCe Joy,2021,103.000 KM,Düz,LPG & benzin,923.000 TL
Fiat,Linea,1.3 Multijet Active Plus,2012,235.000 KM,Düz,Dizel,473.000 TL
Ford,Focus,1.5 TDCi Titanium,2020,140.000 KM,Otomatik,Dizel,1.490.000 TL
Volkswagen,Polo,1.4 Comfortline,2006,287.000 KM,Otomatik,LPG & benzin,550.000 TL
Audi,A4,A4 Sedan 2.0 TDI Dynamic,2018,179.000 KM,Yarı Otomatik,Dizel,2.100.000 TL
Volkswagen,Jetta,1.6 TDi Trendline,2015,156.470 KM,Düz,Dizel,1.175.000 TL
Honda,Civic,1.6 i ES,2000,320.000 KM,Otomatik,Benzin,399.999 TL
Renault,Megane,1.6 Dynamique,2004,258.000 KM,Düz,LPG & benzin,475.500 TL
Renault,Clio,1.5 dCi Joy,2014,255.500 KM,Düz,Dizel,610.000 TL
Volkswagen,Jetta,1.6 TDi Primeline,2010,305.000 KM,Otomatik,Dizel,530.000 TL
Renault,Fluence,1.5 dCi Touch Plus,2016,144.000 KM,Yarı Otomatik,Dizel,1.035.000 TL
Hyundai,Accent,1.6 Admire,2007,225.000 KM,Otomatik,LPG & benzin,535.000 TL
BMW,3 Serisi,318i Prestige,2017,118.000 KM,Otomatik,Benzin,1.545.000 TL
Volkswagen,Jetta,1.6 TDi Comfortline,2013,149.000 KM,Yarı Otomatik,Dizel,1.050.000 TL
Lada,Samara,1.5,2001,280.000 KM,Düz,LPG & benzin,160.000 TL
Toyota,Corolla,1.6 Terra,1999,429.000 KM,Düz,LPG & benzin,300.000 TL
BMW,3 Serisi,320d M Sport,2012,290.000 KM,Otomatik,Dizel,1.125.000 TL
BMW,5 Serisi,525d xDrive Premium,2015,270.000 KM,Otomatik,Dizel,1.650.000 TL
Volkswagen,Passat,1.6 TDi BlueMotion Business,2020,127.000 KM,Yarı Otomatik,Dizel,1.965.000 TL
Renault,Clio,1.0 TCe Icon,2022,43.000 KM,Otomatik,Benzin,1.325.000 TL
Fiat,Linea,1.3 Multijet Active Plus,2014,240.000 KM,Düz,Dizel,500.000 TL
Peugeot,301,1.6 BlueHDI Active,2018,123.000 KM,Düz,Dizel,750.000 TL
Fiat,Egea,1.6 Multijet Mirror,2020,176.000 KM,Otomatik,Dizel,1.030.000 TL
Volkswagen,Polo,1.0 TSi Comfortline,2020,90.000 KM,Yarı Otomatik,Benzin,1.275.000 TL
Fiat,Egea,1.4 Fire Easy,2023,67.500 KM,Düz,Benzin,895.000 TL
Audi,A6,A6 Sedan 2.0 TFSI,2007,378.000 KM,Otomatik,LPG & benzin,950.000 TL
Volkswagen,Golf,1.4 TSi Comfortline,2012,250.000 KM,Düz,Benzin,635.000 TL
